Brand,Title,Discount,Price,Etc,category
1.618,샐몬퍼밍 슬리핑마스크,32,"11,400",100g,슬리핑팩
AHC,유스 래스팅 리얼 아이크림 포 페이스,0,"23,000",35ml,아이케어
AHC,텐 레볼루션 리얼 아이크림 포 페이스,0,"17,000",25ml,아이케어
AHC,텐션 아이크림 스틱 포 페이스,0,"28,000",10g,밤/멀티밤
AHC,퓨어레스큐아이크림,0,"8,000",12ml,아이케어
AHC,프라이빗 아이크림 포 페이스,0,-,30ml,아이케어
AHC,프리미어 앰플 인 아이크림,0,-,35ml,아이케어
SRB,쌀뜨물 클렌징 패드,19,"17,800",200g,클렌징 티슈/패드
SRB,쌀뜨물 효소 세안제,8,"23,000",70g,클렌징 파우더
Snp,골드 콜라겐 퍼밍 아이패치,0,"23,000",75g(60매),부분마스크/팩
TTtH,온천수 미스트,20,"31,200",100ml,미스트
UNI,프리미엄천연비누 유앤아이솝,0,"26,000",64g,클렌징 비누
W.피부연구소,트러블패치,64,"9,900",120매*2,패치
YBK,릴리프 하이드레이션 라이트 폼 클렌저,57,"18,900",150ml+150ml,클렌징 폼
가히,링클바운스 멀티밤,0,"42,000",9g,밤/멀티밤
결하우스,스킨 베리어 호호바 오일,20,"38,400",50ml,페이스오일
구달,비건라이스 밀크 팩 클렌저,15,"16,100",150ml*2,워시오프 팩
구달,청귤 비타C 아이패치,30,"28,000",60매 72g*2,부분마스크/팩
그라운드플랜,미스트,0,"34,000",100ml,미스트
그레이멜린,카놀라 리무버 패드,48,"25,900",70매,클렌징 티슈/패드
그레이멜린,카놀라 크레이지 클렌징오일,47,"18,900",300ml,클렌징 오일
나드,어성초 비누,45,"9,900",100g 2개,클렌징 비누
나이팅게일,3STEP 타코팩,20,"12,000",4g/2.4g/4g×3회분,코팩
나이팅게일,3STEP 타코팩 노즈 [문어코팩],21,"11,000",4g / 1g / 4g)×5회분,코팩
나이팅게일,데일리 더마 클렌징패드 마일드,30,"14,000",270ml / 70pads,클렌징 티슈/패드
넘버즈인,1번 말끔 순삭 클렌징오일,20,"22,400",200ml,클렌징 오일
넘버즈인,1번 시카 갈아만든 초록패드,20,"20,800",190ml / 70매,"부분마스크 패드, 스킨/토너 패드"
넘버즈인,3번 녹차숯 모공말끔 클렌징팩밤,20,"19,200",85g,클렌징 밤
넛세린,슈퍼 넛 너리싱 밤,0,"23,000",50ml,밤/멀티밤
넛세린,시카 넛 카밍 밤 [비건],0,"24,000",50ml,밤/멀티밤
네추럴리즘,에어버블 클렌징워터,45,"9,900",150ml,클렌징 워터
노티컬리,카밍 밤,10,"28,800",60ml,밤/멀티밤
눅스,윌 프로디쥬스 멀티 오일 [리치],0,"56,000",100ml,페이스오일
뉴트로지나,딥클린 클렌징 로션,0,"12,900",200ml,클렌징 로션/크림
니들리,마일드 클렌징 패드,0,"20,000",160g,클렌징 티슈/패드
니들리,마일드 효소 클렌징 파우더,0,"16,500",40g,클렌징 파우더
다보,알로에 베라 카밍 젤 클렌저,20,"7,920",150ml,클렌징 젤
다비다,인텐시브 인퓨전 캐비아 오일,0,"46,800",15ml,페이스오일
다이소,아이존패치 [비타브라이트닝],0,"1,000",25g(30매),부분마스크/팩
다이알,(해외) 골드 안티박테리얼 바 소프,0,-,339g,클렌징 비누
다자연,마스크팩 [어성초],47,"23,800",25ml,시트마스크
다자연,블루 아가베 포어 슬리핑 마스크,39,"15,800",100ml,슬리핑팩
닥터비움,블루망고 비타 딥 클렌징 밤,0,"19,900",90ml,클렌징 밤
닥터엘시아,블랙헤드 제로 투스텝 노즈 패치,0,"16,000",6g(3g+3g)*4매,코팩
닥터오라클,나이아브라이트™ 콜라겐 링클케어 멀티밤,72,"15,900",20g,밤/멀티밤
닥터오라클,나이아신아마이드 미백 레시피 마스크팩,78,"16,250",25mlx25EA,시트마스크
닥터오라클,레티노타이트닝 3D톡스 레티놀 펩타이드 아이크림,11,"32,000",25ml,아이케어
닥터오라클,터핀아크™ 스팟패치,67,"13,000",12mm/60매+10mm/32매,패치
닥터올가,약산성 어성초 레드스팟 여드름 & 등드름 미스트,20,"23,200",150ml,미스트
닥터올가,어성초&목련 카밍 스킨 미스트,20,"20,000",120ml,미스트
닥터지,더모이스처 배리어.D 멀티 밤,10,"26,100",50ml,밤/멀티밤
닥터지,레드 블레미쉬 멀티 플루이드,0,"95,000",100ml,로션/에멀젼
닥터지,레드 블레미쉬 클리어 수딩 크림,57,"26,600",50ml + 50ml,크림
닥터지,브라이트닝 필링 젤,19,"34,000",120g+120g,스크럽/필링
닥터지,약산성 클렌징 젤 폼,20,"40,000",200ml+200ml,클렌징 젤
닥터트웬티프로젝트,나인 토너,20,"23,200",300ml,스킨/토너
달바,워터풀 선크림 [SPF50+/PA++++] [에센스],0,"34,000",50ml,
달바,화이트 트러플 더블 세럼 앤 크림,0,"78,000",70g,"에센스/앰플/세럼, 크림"
달바,화이트 트러플 리턴 오일 크림 클렌저,0,"38,000",150ml,클렌징 젤
달바,화이트 트러플 바이탈 스프레이 세럼,0,"29,000",100ml,미스트
달바,화이트 트러플 세럼 앤 크림 모델링 마스크,0,"39,000",66g(60g+6g)*4회분,필오프 팩
달바,화이트 트러플 퍼스트 스프레이 세럼,0,"29,900",100ml,미스트
달바,화이트 트러플 프라임 인텐시브 세럼,0,"29,000",50ml,미스트
더랩바이블랑두,올리고 히알루론산 딥 토너,37,"14,300",200ml+50ml+화장솜40p,스킨/토너
더마토리,프로 비타 에이 레티날 아이패치,30,"30,800",60매,부분마스크/팩
더마토리,하이포알러제닉 시카 거즈패드,35,"33,800",80매/200ml,스크럽/필링 패드
더마펌,수딩 리페어 토닝 패드 R4,26,"19,000",180ml,"스크럽/필링 패드, 부분마스크 패드, 스킨/토너 패드"
더샘,힐링 티 가든 클렌징 워터 [그린티],0,"17,000",500ml,클렌징 워터
더샘,힐링 티 가든 클렌징 워터 [티트리],0,"17,000",500ml,클렌징 워터
데저트에센스,100% 퓨어 호호바 오일,17,"35,900",118ml,페이스오일
도브,(해외) 뷰티 바 [센스티브스킨] (미국산),0,-,3.75oz,클렌징 비누
도브,뷰티바 [센서티브],30,"3,500",-,클렌징 비누
도브,뷰티바 [크림],30,"3,500",-,클렌징 비누
동인비,1899 시그니처 오일,0,"120,000",15g,페이스오일
동인비,1899 워터리 오일 에센스,0,"62,000",30ml,페이스오일
듀댑,시카티 모공피지 팩 클렌저,10,"17,100",150ml,워시오프 팩
듀어썸,듀얼 치크 마스크,27,"29,000",모닝 80매 / 나이트 80매,부분마스크/팩
듀이트리,AC 컨트롤 EX 딥 흔적 진정 잡티 패드,25,"18,000",80매,클렌징 티슈/패드
듀이트리,AC 컨트롤 딥 그린 카밍 클레이젤 모공팩,30,"14,500",100ml,워시오프 팩
듀이트리,픽앤퀵 뽑아쓰는 마스크 [화장발],48,"11,900",30매,스크럽/필링
듀이트리,하이 아미노 모공 올 딥 클렌징 밤,33,"15,900",90ml,클렌징 밤
듀이트리,하이 아미노 올 클렌저,63,"10,300",350ml,클렌징 폼
듀이트리,하이 아미노 올 클렌징 밀크,45,"20,900",400ml,클렌징 로션/크림
듀이트리,하이 아미노 올 효소 파우더 워시,32,"25,600",50g*2,클렌징 파우더
드림웍스,아임더 리얼 슈렉팩,0,"12,600",110g,워시오프 팩
"디어,클레어스",펀더멘탈 앰플 미스트,0,"28,000",125ml,미스트
디퍼앤디퍼,스카이 워터링 크라이오 크림 마스크,40,"29,000",150g,워시오프 팩
디퍼앤디퍼,엑토인 퍼밍 밴드 크림,25,"59,000",30g,
딕셔니스트,아미노산 앰플,71,"21,900",앰플 30ml+10ml*3개(총60ml)+토너20ml,에센스/앰플/세럼
딕셔니스트,아미노산 크림,67,"24,900",50mlX2,크림
라네즈,워터 슬리핑 마스크 EX,20,"27,200",70ml,슬리핑팩
라노아,어성초 비누,0,"13,900",70g,클렌징 비누
라라츄,이지찹 밴드 마스크팩 [유스쉐이퍼],0,"30,000",200g(60매),부분마스크/팩
라로슈포제,(해외) 시카플라스트 B5 리페어링 밤,0,-,40ml,밤/멀티밤
라로슈포제,시카플라스트 밤 B5+,0,"39,000",100ml,밤/멀티밤
라로제,안티퍼티그 아이 컨투어 스틱,0,"44,000",15ml,"아이케어, 밤/멀티밤"
라보니따,바이탈 스쿠알란 오일,48,"14,900",30ml,페이스오일
라보드레,밸런싱 토너 미스트,38,"30,800",120g,미스트
라보드레,인텐시브 리파이닝 에멀젼,69,"20,000",50g,로션/에멀젼
라씨엘르,엔자임 오트 스크럽 파우더 워시,44,"13,900",18g,클렌징 파우더
라운드랩,1025 독도 로션,42,"23,000",400ml,로션/에멀젼
라운드랩,1025 독도 코팩,0,"15,000",6ml(3ml+3ml)*5매,코팩
라운드랩,1025 독도 클렌저,27,"18,900",150ml*2,클렌징 폼
라운드랩,1025 독도 클렌징 밀크,10,"21,600",200ml,클렌징 로션/크림
라운드랩,1025 독도 클렌징 워터,45,"9,900",400ml,클렌징 워터
라운드랩,1025 독도 클렌징 티슈,34,"9,900",30매(178g) 3개,클렌징 티슈/패드
라운드랩,1025 독도 토너,25,"22,500",500ml,스킨/토너
라운드랩,1025 독도 필링젤,20,"11,900",120ml,스크럽/필링
라운드랩,소나무 진정 시카 로션,32,"16,900",250ml,로션/에멀젼
라운드랩,소나무 진정 시카 앰플,29,"23,900",50ml,
라운드랩,소나무 진정 시카 코팩,0,"18,500",[1제]4ml*5매 / [2제]4ml*5매 / 면봉 10개,코팩
라운드랩,자작나무 수분 선크림 [SPF50+/PA++++],50,"19,900",80ml,
라운드랩,자작나무 수분 수딩젤,10,"10,800",150ml,젤
라운드랩,자작나무 수분 크림,46,"20,900",수분크림 100ml+자작수분앰플 10ml,크림
라운드랩,자작나무 수분 클렌저,20,"11,900",150ml,클렌징 젤
라운드랩,자작나무 수분 클렌징 패드,10,"19,800",60매 (210g),클렌징 티슈/패드
라운드어라운드,컴포트 그린티 딥 클렌징 밤,0,"20,000",100g,클렌징 밤
랑벨,내츄럴 딥 클렌징 오일,28,"22,900",200ml,클렌징 오일
랩코스,차가 레스트 고체 세안팩,15,"13,600",150g,클렌징 비누
랩클,펩타이드 크림 스킨 모이스처라이징 토너,28,"29,900",310ml,스킨/토너
로벡틴,시카케어 스팟 밤,0,"26,000",40ml,밤/멀티밤
로벡틴,아쿠아 딥 클렌징 워터,0,"21,000",400ml,클렌징 워터
롬앤,쥬시 래스팅 틴트 [25 베어그레이프],0,"13,000",5.5g,
리더스코스메틱,그린 콜라겐 아이크림 포 페이스,79,"16,900",30ml+30ml+30ml,아이케어
리더스코스메틱,밀크 스폰지 마스크,30,"11,900",100g,워시오프 팩
리더스코스메틱,보습 영양 패드,31,"22,000",60매+60매,"부분마스크 패드, 스킨/토너 패드"
리더스코스메틱,잡티 흔적 패드,31,"22,000",80매+80매,"부분마스크 패드, 스킨/토너 패드"
리더스코스메틱,프로 하이드라 아미노 슬리핑 마스크,60,"14,400",4ml(30ea+30ea),슬리핑팩
리듀어,리프레싱 타임 클렌징워터,43,"11,900",-,클렌징 워터
리브엠,시카좀 카밍 딥 클렌징폼,45,"12,000",150ml,클렌징 폼
리브엠,시카좀 카밍 워터 젤크림,50,"13,000",100ml,크림
리브엠,시카좀 카밍 클리어 패드,50,"14,000",180ml,"스크럽/필링 패드, 부분마스크 패드"
리브엠,워터핏 8중 수분착붙 패드,50,"13,800",패드250ml(60매)+크림20ml,"스크럽/필링 패드, 부분마스크 패드, 스킨/토너 패드"
리얼베리어,모공비움 파우더 워시,32,"26,900",50g,클렌징 파우더
리얼베리어,익스트림 딥 클렌징 블루 오일,20,"19,000",200ml,클렌징 오일
리터니티,유기농 호호바오일 100%,0,"35,000",50ml,페이스오일
린제이,모델링마스크 컵팩 [비타민],52,"22,800",1Kg+500ml,필오프 팩
린제이,모델링마스크 컵팩 [진정약초],59,"16,800",330g+500ml,필오프 팩
린제이,모델링마스크 컵팩 [차콜],52,"22,800",1kg+500ml,필오프 팩
린제이,모델링마스크 컵팩 [콜라겐],52,"22,800",1Kg+500ml,필오프 팩
린제이,모델링마스크 컵팩 [쿨티트리],52,"22,800",1Kg+500ml,필오프 팩
린제이,오리지널 모델링팩 [쿨링밤],59,"16,800",330g+500ml,필오프 팩
릴릴,이지버블 호호바 라떼 클렌저,50,"22,000",195ml,클렌징 오일
마녀공장,4GF 앰플 아이크림,24,"26,500",30ml,아이케어
마녀공장,갈락토미 엔자임 필링젤,39,"14,500",75ml+75ml,스크럽/필링
마녀공장,딥 클리어 클렌징 밤,35,"15,500",132ml,클렌징 밤
마녀공장,블랙헤드 퓨어 클렌징 오일 킬패드,22,"15,500",50매,클렌징 티슈/패드
마녀공장,비피다 바이옴 앰플 토너,34,"9,900",본품 210ml+증정 55ml,스킨/토너
마녀공장,비피다 바이옴 콤플렉스 앰플,24,"26,600",50ml,에센스/앰플/세럼
마녀공장,퓨어 엔자임 클렌징 워터,0,"22,000",400ml,클렌징 워터
마녀공장,퓨어 클렌징 밀크,30,"28,000",200ml+200ml,클렌징 로션/크림
마녀공장,퓨어 클렌징 오일,43,"32,500",200ml+200ml,
마녀공장,퓨어 클렌징 오일 딥 클린,20,"23,200",200ml,클렌징 오일
마녀공장,퓨어 클렌징 워터 센서티브,25,"21,100",500ml,클렌징 워터
마녀공장,퓨어 클렌징 티슈,20,"9,900",10매x5개,클렌징 티슈/패드
마녀공장,퓨어&딥 클렌징 폼,40,"16,800",100ml+100ml,클렌징 폼
마녀공장,히더 카밍 에센스 패드,26,"20,500",60매(270ml),부분마스크 패드
마데카21,테카솔루션 수딩 스팟젤,0,"3,000",15ml,젤
마레도로,미라클 TP-71 로션,0,"35,000",100ml,로션/에멀젼
마르시끄,링클 리페어 미간 주름 패치,37,"18,900",0.3gX5장(11패치X5장),패치
마르시끄,링클 리페어 팔자 주름 패치,37,"18,900",0.2gX5장(12패치X5장),패치
마리꼬,수딩 클렌징 밀크,0,"57,000",200ml,클렌징 로션/크림
마몽드,어메이징 딥 민트 클렌징밤,30,"18,900",90ml,클렌징 밤
마티나겝하르트,아보카도 아이크림,57,"29,900",15ml*2,아이케어
매드포코스,링클 마스터 패치,15,"8,500",0.2g*3pcs (32patches),패치
매스티나,화이트매스틱 미스트 앰플,50,"43,000",50ml,미스트
메디큐브,레드 석시닉애씨드 필링세럼,0,"52,000",40g,스크럽/필링
메디큐브,슈퍼 시카 딥 클렌징 밤,0,"42,000",100ml,클렌징 밤
메디큐브,제로모공패드 2.0,0,"35,000",155g(70매),"스크럽/필링 패드, 스킨/토너 패드"
메디큐브,콜라겐 나이트 랩핑 마스크,0,"54,000",75ml,필오프 팩
메디포포,레미디얼 크림,0,"6,900",25g,밤/멀티밤
메디필,레드 락토 콜라겐 랩핑 마스크,24,"38,000",레드 락토 콜라겐 랩핑 마스크 70ml*2개,필오프 팩
메디필,레드 락토 콜라겐 클리어 폼 클렌저 2.0,0,"12,000",120ml,클렌징 폼
메디필,엑스트라 슈퍼9 플러스 2.0,35,"12,900",100ml,스크럽/필링
메디필,엑스트라 슈퍼9 플러스 액티브 스틱,35,"17,400",33g,스크럽/필링
메디필,엑스트라슈퍼9플러스2.0 피지연화제,0,"3,000",50ml / 1.69 fl. oz.,스크럽/필링
메디필,히알루론산 레이어 물톡스 랩핑 마스크,12,"22,000",70ml,필오프 팩
메디힐,더 티트리 파우더 워시 [카밍],19,"27,500",50g*2ea,클렌징 파우더
메디힐,더 티트리 파우더 워시 [포어],19,"27,500",50g*2ea,클렌징 파우더
메디힐,더마 모델링 팩 [마데카소사이드흔적],0,"5,000",앰플 2ml / 파우더 28g,필오프 팩
메디힐,더마 모델링 팩 [티트리진정],0,"5,000",(2ml+28g),필오프 팩
메디힐,더마 모델링 팩 [히알루론산속보습],0,"5,000",앰플 2ml / 파우더 28g,필오프 팩
메디힐,레티놀 콜라겐 아이 앰플 패치,17,"19,000",103g,부분마스크/팩
메디힐,마데카소사이드 에센셜 마스크 [흔적리페어],50,"10,000",24ml * 10ea,시트마스크
메디힐,마데카소사이드 흔적 리페어 세럼,37,"27,600",40ml * 2ea,에센스/앰플/세럼
메디힐,마데카소사이드 흔적패드,2,"46,900",170ml,"부분마스크 패드, 스킨/토너 패드"
메디힐,블랙헤드 멜팅 클리어 코팩,10,"25,000",스텝1 3ml*8ea + 스텝2 4ea + 스텝3 3ml*8ea,코팩
메디힐,스피큘 모공 탄력 시스템 1,0,"5,000",앰플 2 ml + 겔 마스크 29 g,시트마스크
메디힐,에센셜 마스크 [마데카소사이드],37,"25,000",24ml*20ea,시트마스크
메디힐,에센셜 마스크 [티트리],50,"10,000",24ml * 10ea,시트마스크
메디힐,티트리 진정 수분 앰플,34,"21,000",50ml,에센스/앰플/세럼
메디힐,티트리 트러블 패드,33,"17,400",170ml,
메이크프렘,세이프 미 릴리프 모이스처 클렌징 밀크,30,"29,400",500ml,클렌징 로션/크림
메이크프렘,세이프 미 릴리프 모이스처 클렌징 오일,30,"33,600",1000ml,클렌징 오일
메이크프렘,세이프 미 릴리프 모이스처 클렌징 폼,40,"21,600",170ml*2,클렌징 폼
메이크프렘,인테카 수딩 크림,33,"42,800",80ml*2개,크림
메이크프렘,인테카 수딩 클렌징 폼,33,"24,100",300ml,클렌징 젤
메이크프렘,인테카 트러블 수딩 패드,30,"19,600",70매,스크럽/필링 패드
메이크프렘,퓨어 바이옴 클렌징 파우더,30,"16,800",1g*36개입,클렌징 파우더
모공도둑,세라판테 반반 미스트,30,"25,200",120ml + 120ml,미스트
모나쥬,비건 멀티밤 [매일밤],0,"13,900",11g,밤/멀티밤
모나쥬,비건 멀티밤 [편한밤],0,"13,900",11ml,밤/멀티밤
모나쥬,올인원 비건 약산성 클렌저,0,"31,200",520g,클렌징 젤
모메너스,카밍배리어 판테시카 클렌징밀크,25,"24,000",200ml,클렌징 로션/크림
미샤,수퍼 아쿠아 울트라 히알론 클렌징 크림,20,"7,200",200ml,클렌징 로션/크림
미샤,퍼펙트 립앤아이 메이크업 리무버,10,"4,500",155ml,립/아이 리무버
미즈온,스네일 리페어 인텐시브 골드 아이 겔 패치,40,"16,800",60매,부분마스크/팩
미즈온,콜라겐 아이 겔 패치,40,"16,800",60매,부분마스크/팩
미팩토리,1단 돼지코팩,0,"9,900",10매,코팩
미팩토리,3단 돼지코팩,0,"8,900",3매,코팩
미팩토리,녹여쓰는 돼지코팩,0,"8,900",4매,코팩
바노바기,DX 마스크 [브라이트&영],50,"12,500",(25+2)g*7매,슬리핑팩
바노바기,DX 마스크 [안티세범포어],50,"12,500",(25+2)g*7매,슬리핑팩
바노바기,디엑스 마스크 [AC&AC스팟],50,"12,500",(25+2)g*7매,슬리핑팩
바노바기,디엑스 마스크 [카페인&퍼밍],50,"12,500",(25+2)g*7매,슬리핑팩
바노바기,디엑스 마스크 [히야아쿠아플렉스],50,"12,500",(25+2)g*7매,"시트마스크, 슬리핑팩"
바노바기,비타 제닉 젤리 마스크 [화이트닝],50,"9,900",30g*10매,시트마스크
바노바기,알파 래디언스 마일드 필링 폼,20,"17,600",120ml,스크럽/필링
바닐라코,클린 잇 제로 클렌징밤 [오리지널],0,"20,000",100ml,클렌징 밤
바닐라코,클린 잇 제로 클렌징밤 [카밍],0,"20,000",100ml,클렌징 밤
바닐라코,클린 잇 제로 클렌징밤 [포어클래리파잉],0,"20,000",100ml,클렌징 밤
바론시에,엑토인 크림,40,"25,200",200ml,크림
바이오-오일,스킨케어 오일,0,"16,500",60ml,페이스오일
바이오더마,세비엄 H2O,0,"9,500",100ml,클렌징 워터
바이오더마,센시비오 H2O,0,"17,000",250ml,클렌징 워터
바이오더마,아토덤 인텐시브 밤,0,"33,000",200ml,크림
바이오더마,아토덤 인텐시브 젤 크림,0,"33,000",200ml,젤
바이오더마,하이드라비오 H2O,0,"9,500",100ml,클렌징 워터
바이오더마,하이드라비오 에센스 로션,0,"35,000",200ml,스킨/토너
바이오던스,세라놀 리얼 딥 마스크,0,"20,000",34g*4매,"시트마스크, 슬리핑팩"
바이오던스,콜라겐 리얼 딥 마스크,0,"20,000",34g*4매,슬리핑팩
바이오디티디,스팟 카밍 패치,0,"7,900",90패치,패치
바이오힐보,판테셀 리페어시카 마이크로 스팟패치,0,"16,300",12개,패치
백아율,모이스처 밸런싱 마스크,62,"16,900",1매 당 27ml,시트마스크
백아율,모이스처 밸런싱 토너,30,"17,500",300ml,스킨/토너
벨프리모,안티크네 젤클렌저,21,"19,800",125g,클렌징 젤
벨프리모,히알베리어 아토 로션,38,"19,900",200ml,로션/에멀젼
벨프리모,히알포어 딥 클렌징밤,11,"21,300",60ml,클렌징 밤
벨프리모,히알포어 타이트닝 토너패드,16,"23,400",200ml*60pads,"스크럽/필링 패드, 스킨/토너 패드"
보타니컬테라피,아기 신생아 베이비 로션,0,"35,000",500ml,
보타니티,마키올 워터 젤 크림,50,"12,000",80ml,젤
본어글리,퍼밍 켈프 퍼스트 마스크,50,"1,500",25ml,시트마스크
뷰티레시피,리틀머메이드 디스 이즈 프린세스 클렌징워터,64,"16,900",500ml*2개,클렌징 워터
브링그린,모델링 팩 [티트리시카],0,"4,800",28g,필오프 팩
브링그린,알로에99% 수딩젤,0,"6,800",300ml,젤
브링그린,징크테카 트러블 세럼,0,"39,600",본품 25mL,에센스/앰플/세럼
브링그린,티트리시카수딩토너,0,"27,000",500ml,스킨/토너
브링그린,티트리시카포어코팩,0,"7,900",6g*3매,코팩
브이티코스메틱,시카 슬리핑 마스크,0,"32,000",4ml * 30ea,슬리핑팩
블랑네이처,5배 고농축 매직 티트리 오일,34,"19,800",20ml,페이스오일
블랑네이처,여드름 기능성 클렌징폼,32,"23,800",150ml,클렌징 폼
블랙글로우,핑크글로우 엔자임 파우더 클렌저,0,"32,900",60g,클렌징 파우더
비건이펙트,슬로우 앤 에이징 저분자콜라겐 마스크팩,0,"32,000",80ml,필오프 팩
비건이펙트,클린 앤 글로우 청보리 LHA 딥 클렌징오일,0,"27,500",205ml,클렌징 오일
비건이펙트,클린앤 글로우 청보리 LHA 젤 클렌저,0,"27,500",205ml,클렌징 젤
비그린,무알콜 뮤신 에센스 토너,0,"17,000",150ml,스킨/토너
비바이바닐라,립 앤 아이 리무버 클리어,10,"5,850",100ml,립/아이 리무버
비비드로우,오트 수딩 버블 클렌징바,0,"16,000",110g,클렌징 비누
비알머드,리커버리 머드 마스크,0,"18,000",110ml,워시오프 팩
비알머드,리커버리 머드 팩투폼 클렌저,50,"13,900",110ml * 2개입+ 증정 머드마스크 30ml,"클렌징 폼, 워시오프 팩"
비오투름,클렌징밀크,0,"17,000",75ml,클렌징 로션/크림
비페스타,클렌징밤 [딥클리어],0,"22,500",100ml,클렌징 밤
비플레인,녹두 모공 클레이 팩,22,"18,500",120ml,워시오프 팩
비플레인,녹두 모공 타이트업 세럼,55,"16,800",30ml+15ml,에센스/앰플/세럼
비플레인,녹두 모공 타이트업 수딩 크림,23,"19,900",60ml+20ml+20ml,크림
비플레인,녹두 밀크 필링 젤,20,"17,600",120ml(+폼40ml),스크럽/필링
비플레인,녹두 밸런싱 토너,52,"18,900",200ml*2,스킨/토너
비플레인,녹두 약산성 클렌징 워터 티슈,34,"16,500",총 100매(20매x5개),클렌징 티슈/패드
비플레인,녹두 약산성 클렌징폼,47,"18,900",120ml + 80ml,클렌징 폼
비플레인,녹두 클렌징 오일,47,"19,800",200ml + 20ml,클렌징 오일
비플레인,녹두 클렌징 워터,50,"22,000",400mlx2개,클렌징 워터
비플레인,시카테롤 블레미쉬 패드,44,"17,900",70매+10매+앰플 5ml,"부분마스크 패드, 스킨/토너 패드"
비플레인,시카테롤 앰플,45,"23,500",50ml,에센스/앰플/세럼
비플레인,시카테롤 토너,45,"26,400",200mlx2,스킨/토너
비플레인,시카풀 카밍 마스크,62,"39,800",1매당 27g (30매),시트마스크
비플레인,시카풀 카밍 젤,30,"12,600",80ml,젤
비플레인,캐모마일 약산성 로션,40,"15,600",150ml,로션/에멀젼
비플레인,하루한쑥 아이버터,38,"19,800",25ml,아이케어
비햅,슬로우차가 광채탄력 페이스 아이 세럼,10,"44,100",50ml,아이케어
사바비안,페이스 파우더,0,"33,000",70g,클렌징 파우더
새터데이스킨,7 펩타이드 유자 비타민 미백 수면 팩,48,"15,900",50ml,슬리핑팩
샤이샤이샤이,바나나 컨실 아이크림,20,"20,800",15g,아이케어
성분에디터,그린토마토 파우더워시,0,"32,000",50g,클렌징 파우더
세라베라,아토 판테놀 로션,40,"70,200",180ml*3개,로션/에멀젼
세타필,모이스춰라이징 로션,0,"21,500",473ml,로션/에멀젼
세타필,젠틀 스킨 클렌저,0,"19,500",473ml,클렌징 로션/크림
센카,퍼펙트 휩 페이셜 워시,0,"9,800",120g,클렌징 폼
셀리맥스,지우개패드,41,"20,000",60매,"스크럽/필링 패드, 스킨/토너 패드"
셀올로지,멜리턴 패치 & 앰플,44,"49,900",1ml*4ea,패치
셀퓨전씨,약산성 패리어 클렌징 워터,42,"13,900",500ml,클렌징 워터
수이스킨,맑은 아보밥 비누,40,"19,200",100g,클렌징 비누
수이스킨,바른 약콩 파우더 워시,30,"30,500",50g,클렌징 파우더
수이스킨,어린 새싹 딥 클렌징 폼,56,"13,900",150ml+150ml+20ml,클렌징 폼
수이스킨,화사한 유채 클렌징 밤,45,"24,200",90ml,클렌징 밤
순녹,센시티브 클렌징밀크,30,"14,000",-,클렌징 로션/크림
스노우투플러스,AC 마그네슘 패치 [소형],0,"9,800",10패치*1매,패치
스킨1004,마다가스카르 센텔라 라이트 클렌징오일,30,"14,500",200ml,
스킨1004,마다가스카르 센텔라 앰플 폼,25,"10,500",125ml,클렌징 폼
스킨1004,마다가스카르 센텔라 프로바이오시카 바쿠치올 아이 크림,0,"21,000",20ml,아이케어
스킨1004,마다가스카르 센텔라 히알루-시카 슬리핑 팩,0,"19,000",100ml,슬리핑팩
스킨아이,내추럴 발효 비건 동백오일 100,55,"12,900",20ml,페이스오일
스킨앤랩,베리어덤 링거 앰플,83,"3,000",30ml,에센스/앰플/세럼
스킨푸드,밀크 쉐이크 포인트 메이크업 리무버,0,"20,000",160ml,립/아이 리무버
스킨푸드,블랙슈가 마스크 워시오프,0,"13,000",120g,스크럽/필링
스킨푸드,블랙슈가 퍼펙트 에센셜 스크럽 2X,0,"22,000",블랙슈가 2X 210g,스크럽/필링
스킨푸드,캐롯 카로틴 카밍 워터 패드,45,"21,400",260g,"부분마스크 패드, 스킨/토너 패드"
스트라이덱스,(해외) 맥시멈,0,-,180g(55매),스크럽/필링
스트라이덱스,센시티브 패드,10,"19,620",55매,"스크럽/필링 패드, 스킨/토너 패드"
시드물,꿀 펩타이드 수면팩,0,"9,800",40ml,슬리핑팩
시드물,닥터트럽 스킨 리터닝 클렌징 밀크바,0,"9,800",50g,클렌징 비누
시드물,닥터트럽 징크크림,34,"14,800",60g,슬리핑팩
시드물,닥터트럽 클렌징 밀크,26,"26,000",500 ml,클렌징 로션/크림
시드물,데일리 포어 클리닉 [1제 디졸브에센스],0,"13,700",100ml,코팩
시드물,알로에 에센셜 [지성용],0,"8,900",165,젤
시드물,어성초 수제비누,0,"2,400",62g,클렌징 비누
시드물,엑토인시카 에센스 토너,0,"68,000",210ml,부분마스크/팩
시드물,오리지널 웰빙 녹차스킨,0,"4,300",150ml,스킨/토너
시드물,울트라 수분 로션 [무향],0,"9,900",80ml,로션/에멀젼
시드물,입소문 녹차 필링젤,0,"4,800",120ml,스크럽/필링
시드물,자연산 냉압착 오일 [호호바],0,"6,500",12ml,페이스오일
시드물,판테놀 시카 수제비누,0,"4,800",50g,클렌징 비누
시초,부스팅 미스트 세럼,0,"23,000",100ml,미스트
시크릿플랜트,티트리 오일 100,41,"13,500",10ml,페이스오일
식물나라,제주 알로에 촉촉 수딩젤,0,"5,800",200ml,젤
식물나라,제주 탄산수 딥 클렌징 티슈,0,"2,200",20매,클렌징 티슈/패드
심플로그,올 클렌징 밤,0,"23,500","90ml, 3.04fl.oz",클렌징 밤
싸이닉,더 심플 데일리 로션,30,"14,000",145ml 2개,로션/에멀젼
싸이닉,더 심플 카밍 토너,58,"12,600",300ml,스킨/토너
싸이닉,시카 블레미쉬 클리어 스팟 패치,0,"12,000",4mg*9패치*1매,패치
썬플랜,타임슬립 아이 크림,0,"62,000",220g,아이케어
씨드비,아침세안 이슬 생분해 비누,36,"9,500",100g,클렌징 비누
아누아,어성초 77 클리어 패드,19,"22,500",70매,"스크럽/필링 패드, 부분마스크 패드"
아누아,어성초 87 약산성 딥 클렌징 워터,46,"13,900",500ml+100ml+거품용기,클렌징 워터
아누아,어성초 포어 컨트롤 클렌징오일,22,"17,000",200ml,클렌징 오일
아렌시아,클렌저 떡솝 [그린아르티장],0,"42,000",120g,클렌징 로션/크림
아렌시아,프레시 클렌저 떡솝 [그린],0,"17,500",50g,클렌징 로션/크림
아렌시아,프레시 클렌저 떡솝 [로얄블루히솝],0,"23,000",120g,클렌징 로션/크림
아로마티카,수딩 알로에 베라 젤,30,"21,000",860ml,젤
아로마티카,티트리 53 블레미쉬 스팟,0,"18,000",10ml,페이스오일
아로셀,슈퍼 콜라겐 마스크,0,"36,000",1 box (43g x 4ea),시트마스크
아리얼,더 퍼펙트 클렌징 오일 패드 EX,0,"22,000",60매,클렌징 티슈/패드
아리얼,스트레스 릴리빙 미셀라 립앤아이 리무버,10,"19,800",300ml,립/아이 리무버
아리얼,스트레스 릴리빙 퓨어풀 립앤아이 리무버 패드,20,"3,600",-,립/아이 리무버
아리얼,스트레스 릴리빙 퓨어풀 클렌징티슈,22,"6,900",-,클렌징 티슈/패드
아리얼,애플사이다 휘핑 크림 클렌저,0,"24,000",100g,클렌징 로션/크림
아벤느,미셀라 클렌징 워터,0,"17,000",200ml,클렌징 워터
아벤느,오 떼르말,0,"10,000",50ml,미스트
아벤느,클리낭스 클렌징 젤,0,"30,000",400ml,클렌징 젤
아비노베이비,더멕사 아토 나이트타임 밤,0,"32,000",312g,밤/멀티밤
아비브,수분초 히알루론 패드 하이드레이팅 터치,10,"21,600",75매,"스크럽/필링 패드, 스킨/토너 패드"
아비브,어성초 스팟 패드 카밍터치,10,"21,600",80매,"스크럽/필링 패드, 부분마스크 패드"
아비브,콜라겐 아이패치 부활초젤리,10,"20,700",90g,부분마스크/팩
아빠비누,클렌징 바 [딥클린],41,"18,800",100g*2개,클렌징 비누
아이레놀,다크서클 크림 [S],0,"29,800",15g,아이케어
아이레시피,세라마이드 유자 힐링 클렌징 밤,25,"19,500",120g,클렌징 밤
아이레시피,아쿠아 피토플렉스 크림 인 젤,20,"7,900",100ml,젤
아이레시피,아쿠아 피토플렉스 크림 인 토너 미스트,20,"12,000",60ml,미스트
아이레시피,워터리 터치 테카 세라 밤,20,"19,200",9g,밤/멀티밤
아이보리,오리지널 비누,0,-,90g,클렌징 비누
아이소이,블레미쉬 케어 아이 앤 미간 패치,10,"22,320",90g(90매),부분마스크/팩
아임프롬,피그 스크럽 마스크,0,"26,000",100g,"스크럽/필링, 워시오프 팩"
아임프롬,피그 엔자임 파우더 클렌저,0,"24,000",50g,클렌징 파우더
아크네스,3초 진정 패치,0,"9,500",72개,패치
아크웰,감초수 피에이치 밸런싱 포어 클렌징 젤 폼,20,"14,400",160ml,클렌징 젤
아토팜,MLE 로션,45,"54,500",300ml/개당,로션/에멀젼
아토팜,MLE 크림,45,"54,500",1개당 160ml,크림
아토팜,MLE 크림 스틱 밤,35,"26,000",총 20g(10gx2),밤/멀티밤
아토팜,수딩 젤 로션,35,"33,600",160ml,로션/에멀젼
아토팜,징크 마일드 업 선크림 [SPF50+/PA++++],40,"14,400",65g,
아페리레,비 프로즌 포어 마스크,49,"25,500",120g,워시오프 팩
아페리레,순수 블루 토너 패드,40,"16,800",140ml,"스크럽/필링 패드, 스킨/토너 패드"
앰플엔,퓨리파잉샷 호박 효소 필링젤,47,"19,900",100ml,스크럽/필링
야다,선인장 수딩젤,0,"14,500",250ml,젤
어바웃미,숲 진정 수분 미스트,40,"11,400",100ml,미스트
어바웃미,숲 진정 수분 크림,50,"26,000",160ml,크림
어퓨,깨비깨비 블랙헤드 3단 코팩,0,"1,000","3매입(Step1 : 3g, Step2 : 0.2g, Step3 : 3g / 1회용",코팩
어퓨,미네랄 립앤아이 리무버 [스윗로즈],0,"4,500",100ml,립/아이 리무버
어퓨,미네랄 립앤아이 리무버 [오마린],0,"4,500",100ml,립/아이 리무버
에뛰드,립 앤 아이 리무버,10,"6,300",100ml,립/아이 리무버
에뛰드,순정 판텐소사이드™ 10 시카 밤,20,"20,000",50ml,밤/멀티밤
에센허브,티트리 100% 오일,60,"15,200",10ml,페이스오일
에센허브,티트리 딥클린 클렌징 바,0,"20,000",100g,클렌징 비누
에스네이처,블랑쉬클렌저,32,"18,900",260ml,클렌징 젤
에스네이처,수퍼 아쿠아겔 오아시스 앰플 마스크,62,"39,900",30ml,시트마스크
에스네이처,아쿠아 라이스 약산성 클렌징폼,39,"18,900",240ml,클렌징 폼
에스네이처,아쿠아 라이스 클렌징밤,28,"18,500",90ml,클렌징 밤
에스네이처,아쿠아 라이스클렌징오일,22,"18,500",200ml,클렌징 오일
에스네이처,아쿠아 소이 요거 아이크림,48,"14,900",25g,
에스네이처,아쿠아 스쿠알란 세럼,41,"23,500",100ml,에센스/앰플/세럼
에스네이처,아쿠아 스쿠알란 수분크림,60,"29,900",160ml,크림
에스네이처,아쿠아 오아시스 수분 젤크림,25,"23,900",80ml,젤
에스네이처,아쿠아 오아시스 토너,63,"19,500",300ml,스킨/토너
에스네이처,아쿠아 오아시스 판테알란 카밍패드,23,"19,900",190ml,"부분마스크 패드, 스킨/토너 패드"
에스네이처,아쿠아 콜라겐 펩타이드 트리플 젤 에센스,77,"19,900",50ml x 2,에센스/앰플/세럼
에스네이처,호호바오일,21,"14,900",30ml,페이스오일
에스네이처,화이트 글로우 앰플,75,"15,900",50ml,에센스/앰플/세럼
에스쁘아,프로테일러 비벨벳 커버 쿠션 뉴클래스 [SPF34/PA++] [21호 아이보리],0,"38,000",13g*2개,
에스트라,아토베리어 365 크림 미스트,25,"13,500",120ml,미스트
에스트라,아토베리어365 로션,20,"26,400",본품 150ml+바디크림30ml+샤쉐6개,로션/에멀젼
에스트라,아토베리어365 크림,20,"26,400",본품+바디크림30ml+샤쉐6매,크림
에이솔루션,AC 어성초 토너패드,41,"32,900",70매(200ml) 2개,스크럽/필링 패드
에이트루,오리진 퓨어 밸런싱 클렌징 오일,65,"15,900",300ml,클렌징 오일
에이프릴스킨,캐로틴 멜팅 클렌징밤,0,"30,000",90ml,클렌징 밤
에이프릴스킨,핑크알로에 머랭솝,0,"35,000",120gㅣ4.23 oz.,"클렌징 폼, 워시오프 팩"
엔젤,파우더 탄산효소세안제,0,"32,000",45g,클렌징 파우더
엘솔레,모이스처라이징 미라클 미스트 토너,40,"14,900",150ml,미스트
오렌지신드롬,버블 클렌징 패드,20,"18,400",180g,클렌징 티슈/패드
오어스,쿨 시카 티트리 모델링팩,0,"3,900",30g,필오프 팩
오울루,버치 아토 모이스처 크림,16,"25,000",80ml,크림
온그리디언츠,스킨 베리어 카밍 로션,15,"29,750",220ml,로션/에멀젼
원데이즈유,피지쏙쏙 노 모어 블랙헤드,0,"24,000",80ml,코팩
원씽,모델링팩 [어성초],0,"21,000",20gX7개입,필오프 팩
웰라쥬,리얼 시카 카밍 95 트러블 앰플,30,"33,600",50ml x 2개,에센스/앰플/세럼
웰라쥬,리얼 히알루로닉 100 크림,30,"22,400",80ml,크림
웰라쥬,리얼 히알루로닉 블루 100 앰플,30,"20,900",본품 60ml+리필 60ml,에센스/앰플/세럼
유리피부,그란떼 클렌징 오일,54,"17,900",500ml,클렌징 오일
유이크,바이옴 베리어 콜라겐 퍼밍 클렌징 밤,20,"22,400",100ml,클렌징 밤
유이크,바이옴 베리어 크림 미스트,10,"20,500",100ml,미스트
유이크,바이옴 비타씨 다크서클 아이패치,0,"22,000",60매,부분마스크/팩
이니스프리,레티놀 시카 흔적 앰플,28,"48,960",레티놀 시카 앰플 30ML + 레티놀 시카 흔적 패드 60매 +기프트(레티놀 앰플 7m),에센스/앰플/세럼
이니스프리,비자 시카 밤 EX,0,"26,000",40ml,밤/멀티밤
이니스프리,알로에 리바이탈라이징 수딩젤,0,"7,000",300ml,젤
이니스프리,애플씨드 립앤아이 메이크업 리무버,0,"9,000",상세참조,립/아이 리무버
이레프,화산송이 버블팩,20,"19,800",75g,워시오프 팩
이솔,그린 효소 세안제,0,"11,840",50g,클렌징 파우더
이솔,프로폴리스 수딩 솔루션,0,"9,900",70ml,젤
이아이오,안티 포어 블랙헤드 키트,0,"15,000",1매당 4ml (5매입),코팩
이아이오,웰링 워시 오프 팩,20,"30,400",110ml,워시오프 팩
이즈앤트리,머그워트 카밍 클레이 마스크,10,"17,900",100ml,워시오프 팩
이즈앤트리,머그워트 카밍 파우더 워시,20,"18,400",1g x 25ea,클렌징 파우더
이즈앤트리,참마 비건 밀크 클렌저,20,"19,900",220ml,클렌징 로션/크림
이즈앤트리,초저분자 히아루론산 토너,45,"17,900",300ml+200ml 리필+미스트펌프,스킨/토너
이지덤,릴리프,0,"7,000",42패치*1매,패치
이지덤,이지덤 퀵카밍,0,"8,000",4패치*1매,패치
이퀄베리,물광폭탄 약산성 사우나 클렌저,13,"17,300",200ml,클렌징 젤
일루미엘,물결 수분 네모패드,87,"3,000",60매/260ml,"스크럽/필링 패드, 스킨/토너 패드"
일루미엘,물결 수분 네모패드,52,"22,900",60매입 *2,부분마스크 패드
일리윤,MD 레드이치 오일,20,"19,200",200ml,페이스오일
일리윤,세라마이드 더마 6.0 클렌징워터 폼,20,"16,800",250ml,클렌징 젤
일리윤,세라마이드 아토 6.0 탑투토 워시,37,"19,900","1,500ml (본품+리필2개)",클렌징 젤
일리윤,세라마이드 아토 로션,41,"25,500",350ml*2개+50ml+크림 75ml*2개 구성,로션/에멀젼
일리윤,세라마이드 아토 수딩 젤,52,"20,900",175ml,젤
일리윤,프레쉬모이스춰 립앤아이 리무버,42,"27,800",300ml,립/아이 리무버
일소,네추럴 마일드 클리어 노우즈 팩 바이오셀룰로오즈,45,"17,500","코팩7g*8매,클렌징오일30ml",코팩
일소,센서티브 버블 릴렉싱 클렌저,31,"35,800",200g x 2개,클렌징 젤
일소,슈퍼 멜팅 세범 소프트너,19,"21,000",150ml,스크럽/필링
잇츠스킨,도라에몽 에디션 파워10 감초줄렌 젤리패드,43,"21,900",130EA/215ml,부분마스크/팩
잇츠스킨,파워10 감초줄렌 수딩 젤크림,52,"11,900",55ml,젤
잇츠스킨,파워10 감초줄렌 아이크림,38,"9,900",25ml,아이케어
잇츠스킨,파워10 감초줄렌 젤리패드,40,"24,000",130EA/215ml,"부분마스크 패드, 스킨/토너 패드"
제로이드,더마뉴얼 클렌징 젤,0,"22,000",200ml,클렌징 젤
제로이드,수딩 로션,0,"30,000",200ml,로션/에멀젼
제센스,비건 멀티클렌징 폼오일,27,"16,000",150ml,클렌징 로션/크림
조선미녀,맑은쌀꿀채운마스크,25,"13,500",150ml,워시오프 팩
조선미녀,맑은쌀채운토너,25,"13,500",150ml,스킨/토너
좀비뷰티,누에고치 모공팩,0,"20,700",85g,클렌징 비누
주미소,안티옥시던트 글로우 토닝 패드,40,"31,200",70매입+70매입,부분마스크 패드
주미소,포어 클리어링 클렌징 오일,32,"32,400",400ml,클렌징 오일
주미소,포어 퓨리파잉 살리실산 포밍 클렌저,30,"24,900",120g+120g,클렌징 폼
차앤박화장품,안티포어 블랙헤드 버블 코팩,0,"4,000",4g*2ea,코팩
차앤박화장품,안티포어 블랙헤드 클리어 키트,0,"34,000",5.5ml*10매,코팩
차앤박화장품,안티포어 블랙헤드 클리어 키트 스트립,0,"8,600",3매,코팩
차앤박화장품,프로폴리스 에너지 앰플 미스트,0,"9,000",50ml,미스트
참존,콘트롤 크림 셀프 마사지,0,"25,000",150ml,클렌징 로션/크림
천비누솝,정안고,0,"24,900",100g,클렌징 비누
초록초롱,비건 허브 각질 피지케어 제주 페퍼민트 토너패드,10,"26,100",280ml*70패드,"스크럽/필링 패드, 부분마스크 패드, 스킨/토너 패드"
카이네,로즈마리 릴리프 젤 클렌져,10,"16,200",150ml,클렌징 젤
카이네,콤부 밸런싱 앰플 토너,15,"20,400",150ml,스킨/토너
카이네,콤부 젤리 오일 클렌져,15,"21,250",145ml,클렌징 젤
케어존,저자극 립앤아이 리무버,0,"3,500",50ml,립/아이 리무버
코스노리,롱 액티브 마스카라 리무버,21,"11,000",9g,립/아이 리무버
코스노리,마이크로 액티브 립앤아이 리무버,47,"18,900",100ml*3,립/아이 리무버
코스노리,마이크로 액티브 클렌징 오일,55,"21,500",200ml*2,클렌징 오일
코스노리,아보카도 아이크림,67,"16,900",30ml+15ml+15ml,아이케어
코스노리,판테놀 베리어 에멀전,61,"19,800",150ml * 2,로션/에멀젼
코스노리,판테놀 베리어 토너,61,"16,800",205ml + 205ml,스킨/토너
코스알엑스,더 6 펩타이드 스킨 부스터 세럼,38,"28,200",150ml * 2개 + 30ml * 2개,에센스/앰플/세럼
코스알엑스,더 레티놀 0.5 오일,22,"19,500",20ml,페이스오일
코스알엑스,약산성 굿모닝 젤 클렌저,30,"13,800",150ml * 2개,클렌징 젤
코스알엑스,약산성 나이아신아마이드 미셀라 클렌징 워터,15,"22,000",400ml*2개,클렌징 워터
코스알엑스,원스텝 오리지널 클리어 패드,32,"11,900",70매,스크럽/필링 패드
코스알엑스,퓨어 핏 약산성 클렌징 패드,0,"21,000",335ml(100매),클렌징 티슈/패드
코스알엑스,하이드리움 수딩 젤 크림,22,"17,900",50ml,젤
코스톡,비건 차콜 미셀라 클렌징워터,27,"33,500",0ml,클렌징 워터
코씨,문릿 콜라겐 마스크팩,0,"64,000",30g*5매,부분마스크/팩
코코스타,비건 로맨틱 로즈 립 마스크,0,"26,000",50g(20매),부분마스크/팩
코코스타,옐로 크림 패치,0,"22,000",에센스 20ml/면봉 50pcs,패치
코코케어,100% 내추럴 호호바 오일,45,"11,900",60ml,페이스오일
큐어,리알로에 수딩젤,0,"25,000",150ml,젤
큐어시스,어성초 아크페어 스팟패치,0,"6,800",90매입,패치
큐템,세라밤 크림,0,"89,000",50ml,밤/멀티밤
클라뷰,리얼 비건 퀵 클렌징 패드,47,"19,900",180ml/50매,클렌징 티슈/패드
클라뷰,피톤치드 퀵 클렌징 패드,53,"26,900",380ml/100매,클렌징 티슈/패드
클리어티앤,더마 SOS 릴리프 패치,0,"11,000",60mg*6패치*1매,패치
클리오,킬래쉬 마스카라 리무버,50,"6,000",8.5g,립/아이 리무버
클리오,킬커버 메쉬 글로우 쿠션 [SPF50+/PA++++] [2호 란제리],30,"25,200",30g,
키노닉스,카모 클렌징 패드,21,"29,800",본품 70매 + 리필 35매,클렌징 티슈/패드
키스뮤즈,안티링클 아이 리프팅 마스크,0,"30,000",8ml*7매,부분마스크/팩
키스미,아이 젠틀 오프 립앤아이 리무버,0,"24,000",300ml,립/아이 리무버
키스미,히로인메이크 스피디 마스카라 리무버,0,"13,000",6.6ml,립/아이 리무버
템프:31,콜라겐 워터 필 오프 마스크,0,"38,000",70ml,필오프 팩
토니모리,더 촉촉 그린티 레몬 저자극 클렌징오일,30,"15,900",200ml,클렌징 오일
토니모리,어성초시카 쿨링 수분 크림,31,"19,900",100ml,슬리핑팩
토니모리,타코포어 원샷 코팩,0,"2,000",1.5g*1매,코팩
토르홉,사우난지앙 솔트 마스크,0,"45,100",150g,스크럽/필링
토리든,다이브인 저분자 히알루론산 마스크,56,"39,500",1매당 27ml (30매),시트마스크
토리든,다이브인 저분자 히알루론산 모델링 팩,0,"6,500",25g,필오프 팩
토리든,다이브인 저분자 히알루론산 세럼,38,"26,900",다이브인 저분자 히알루론산 세럼 100ml + 수딩크림 50ml,에센스/앰플/세럼
토리든,다이브인 저분자 히알루론산 수딩 크림,39,"14,500",다이브인 저분자 히알루론산 수딩크림 100ml + 토너 50ml + 클렌징폼 30ml,크림
토리든,다이브인 저분자 히알루론산 크림,42,"14,500",다이브인 저분자 히알루론산 크림 100ml 기획 + 세럼 10ml + 밸런스풀 클렌징젤 30ml,크림
토리든,다이브인 저분자 히알루론산 클렌징 워터,30,"14,000",400ml,클렌징 워터
토리든,다이브인 저분자 히알루론산 클렌징 폼,30,"10,500",150ml,클렌징 폼
토리든,다이브인 저분자 히알루론산 토너,52,"19,900",다이브인 저분자 히알루론산 토너 300ml * 2개 + 클렌징 폼 30ml,스킨/토너
토리든,밸런스풀 시카 마스크,50,"30,000",1매당 25 ml (20매),시트마스크
토리든,밸런스풀 시카 모델링 팩,0,"6,500",30g / 1.05 oz.,필오프 팩
토리든,밸런스풀 시카 진정 세럼,35,"14,900",밸런스풀 시카 진정 세럼 50 + 마스크팩 2매 + 크림 20ml,에센스/앰플/세럼
토리든,밸런스풀 시카 클렌징 젤,30,"14,000",200ml,클렌징 젤
토리든,밸런스풀 시카 토너 패드,30,"32,000",60매*2,스크럽/필링 패드
토리든,밸런스풀 시카 포어 클렌징 폼,39,"18,200",150ml,클렌징 폼
토리든,셀메이징 비타C 브라이트닝 마스크,40,"18,000",10매,시트마스크
토리든,셀메이징 저분자 콜라겐 탄력 아이크림,30,"17,500",30ml,아이케어
토코보,시카 카밍 세럼,35,"19,900",세럼 50ml + 5ml + 크림 15ml,에센스/앰플/세럼
트러블레스,마이크로포인트 패치,0,"15,000",4mg*9패치*1매,패치
트루다이브,스피디 트러블 케어 패치,25,"45,000",2패치 X 4개입,패치
티아레,디 오리진 퓨어 오일,0,"36,000",33ml,페이스오일
티아레,마이크로 딥 파우더워시,0,"45,000",55g,클렌징 파우더
티엘스,화이트 티트리 아크 플러스 팩 클렌저,20,"19,200",100ml,"클렌징 폼, 워시오프 팩"
파티온,노스카나인 스팟 패치,0,"12,000",36g,패치
파티온,노스카나인 클렌징 워터,22,"13,900",500ml,클렌징 워터
파티온,노스카나인 트러블 세럼,47,"20,900",40ml,에센스/앰플/세럼
파파레서피,가지 클리어링 머드 크림 마스크,53,"13,900",100ml+100ml,워시오프 팩
파파레서피,가지 클리어링 효소 파우더 클렌저,19,"28,900",50g,클렌징 파우더
파파레서피,블레미쉬 효소 파우더 클렌저,33,"23,900",50g*2+7ml*1,클렌징 파우더
파파레서피,티트리 컨트롤 효소 파우더 클렌저,19,"28,900",50g,클렌징 파우더
팜드웨이,골드트리솝,46,"32,400",65g(건조중량),클렌징 비누
포인트앤,딥 클린 립앤아이 리무버 롱패드,22,"17,900",88매 2개,립/아이 리무버
포인트앤,딥 클린 포어 클렌징 오일,29,"20,500",490ml,클렌징 오일
포인트앤,딥클린 립앤아이 리무버,50,"11,900",150ml 2개,립/아이 리무버
포인트앤,딥클린 올인원 클렌징 티슈,50,"11,900",80매 2개,클렌징 티슈/패드
포인트앤,소이클렌징밀크,30,"13,200",230ml,클렌징 로션/크림
포인트앤,피지 쏙 베지 클렌징 오일,38,"20,900",400ml,클렌징 오일
포잇,유브이 블록 멀티 스포츠 썬 패치,50,"34,900",10회분(2파우치),부분마스크/팩
폰즈,클리어 훼이스 스파 립앤아이 메이크업 리무버,0,"10,900",120ml,립/아이 리무버
폴라초이스,바하 리퀴드 각질제거제,20,"27,200",118ml,스크럽/필링
폴스킨,국승채 프리미엄 천연 오일 미스트 앰플,66,"21,900",120ml,미스트
풀리,그린 토마토 크림,43,"19,900",90ml,슬리핑팩
풀리,그린 토마토 클레이 팩 클렌저,41,"27,900",120ml+120ml,"클렌징 폼, 워시오프 팩"
퓨리토서울,원더 릴리프 센텔라 세럼 언센티드,0,"28,000",60 mL,
퓨리피아,메타바이옴 토너 패드,64,"15,900",60매(180ml) *2개+크림30ml,"스크럽/필링 패드, 부분마스크 패드, 스킨/토너 패드"
프레티,리얼 하이드로겔 아이패치 [골드],0,"10,000",84g*60패치,부분마스크/팩
프리메라,페이셜 마일드 필링,15,"25,500",150ml,스크럽/필링
프리메이,어성초 진정해 수분 토너,70,"16,800",350ml x 2개,스킨/토너
프리메이,올리브 시카 카밍 앰플 마스크,60,"15,700",27ml x 20매,시트마스크
프리메이,진정한 수분크림,68,"17,900","크림 200ml,팩 2매",크림
프리메이,핑크 콜라겐 앰플 마스크,60,"23,500",27ml x 30매,시트마스크
피지오겔,DMT 페이셜 로션,29,"23,900",200ml,로션/에멀젼
피지오겔,DMT 페이셜크림,31,"26,900",150ml,크림
피지오겔,레드수딩 AI 로션,30,"30,000",200ml,로션/에멀젼
하우스오브비,글루타티온 페이스 필름,10,"9,000",1제 3g 2제 22g,"시트마스크, 슬리핑팩"
한율,달빛유자 비타톤업 애플존 패드,20,"23,200",105ml,부분마스크/팩
한율,달빛유자 수면팩,21,"26,860",70ml,슬리핑팩
한율,어린쑥 클렌징 흡착 팩폼,15,"23,800",120ml,워시오프 팩
해서린,선셋 원킬 리무버 패드,0,"15,000",70매입,클렌징 티슈/패드
해서린,선셋 카멜리아 리무버 스틱,0,"7,700",35g*50ea,립/아이 리무버
해서린,포어 멜팅 와이드 슈링코팩,0,"11,500","4매입(1제 5g, 2제 5g)",코팩
홀리카홀리카,세라베리어 모이스처 액티브 크림,47,"15,900",크림 50ml+크림인세럼 15ml,크림
홀리카홀리카,알로에 99% 수딩젤,0,"6,800",250ml,젤
휘게,소프트리셋 그린 클렌징 밤,25,"48,000",100ml,클렌징 밤
휴캄,킨츠키 하트 탄력 패치,0,"9,900",24패치*1매,패치
희다,지리산 촉촉 숯 클렌징밤,40,"16,800",100ml,클렌징 밤
히루스카,포스트아크네 클리어,0,"32,000",10g,젤
