brand,title,logo
라운드랩,1025 독도 토너,https://img.hwahae.co.kr/products/1779219/1779219_20220801000000.jpg?format=webp&size=160x160
스킨푸드,캐롯 카로틴 카밍 워터 패드,https://img.hwahae.co.kr/products/1890624/1890624_20220801000000.jpg?format=webp&size=160x160
닥터지,레드 블레미쉬 클리어 수딩 크림,https://img.hwahae.co.kr/products/1998036/1998036_20220801000000.jpg?format=webp&size=160x160
토리든,다이브인 저분자 히알루론산 세럼,https://img.hwahae.co.kr/products/1984011/1984011_20231114110247.jpg?format=webp&size=160x160
마녀공장,퓨어 클렌징 오일,https://img.hwahae.co.kr/products/2008976/2008976_20230919094606.jpg?format=webp&size=160x160
라운드랩,소나무 진정 시카 앰플,https://img.hwahae.co.kr/products/2001002/2001002_20231005143005.jpg?format=webp&size=160x160
웰라쥬,리얼 히알루로닉 블루 100 앰플,https://img.hwahae.co.kr/products/1895128/1895128_20240426113159.jpg?format=webp&size=160x160
롬앤,쥬시 래스팅 틴트 [25 베어그레이프],https://img.hwahae.co.kr/products/1932590/1932590_20220801000000.jpg?format=webp&size=160x160
라운드랩,자작나무 수분 선크림 [SPF50+/PA++++],https://img.hwahae.co.kr/products/1920665/1920665_20220801000000.jpg?format=webp&size=160x160
메디힐,마데카소사이드 흔적패드,https://img.hwahae.co.kr/products/2004383/2004383_20220805172339.jpg?format=webp&size=160x160
브링그린,티트리시카수딩토너,https://img.hwahae.co.kr/products/2044266/2044266_20240620100503.jpg?format=webp&size=160x160
메디힐,티트리 트러블 패드,https://img.hwahae.co.kr/products/2004382/2004382_20220801000000.jpg?format=webp&size=160x160
파티온,노스카나인 트러블 세럼,https://img.hwahae.co.kr/products/1996087/1996087_20220801000000.jpg?format=webp&size=160x160
브링그린,징크테카 트러블 세럼,https://img.hwahae.co.kr/products/2044911/2044911_20240820150740.jpg?format=webp&size=160x160
아누아,어성초 77 클리어 패드,https://img.hwahae.co.kr/products/1896168/1896168_20241104150625.jpg?format=webp&size=160x160
라운드랩,1025 독도 로션,https://img.hwahae.co.kr/products/1914381/1914381_20230202180621.jpg?format=webp&size=160x160
넘버즈인,1번 시카 갈아만든 초록패드,https://img.hwahae.co.kr/products/2017949/2017949_20221216105832.jpg?format=webp&size=160x160
에스쁘아,프로테일러 비벨벳 커버 쿠션 뉴클래스 [SPF34/PA++] [21호 아이보리],https://img.hwahae.co.kr/products/2047019/2047019_20230621140509.jpg?format=webp&size=160x160
클리오,킬커버 메쉬 글로우 쿠션 [SPF50+/PA++++] [2호 란제리],https://img.hwahae.co.kr/products/2018814/2018814_20221227101839.jpg?format=webp&size=160x160
에스트라,아토베리어365 크림,https://img.hwahae.co.kr/products/2078467/2078467_20231121171749.jpg?format=webp&size=160x160
린제이,모델링마스크 컵팩 [쿨티트리],https://img.hwahae.co.kr/products/1880696/1880696_20220801000000.jpg?format=webp&size=160x160
에스네이처,아쿠아 오아시스 토너,https://img.hwahae.co.kr/products/1950255/1950255_20220801000000.jpg?format=webp&size=160x160
스킨1004,마다가스카르 센텔라 라이트 클렌징오일,https://img.hwahae.co.kr/products/1836609/1836609_20231117094029.jpg?format=webp&size=160x160
웰라쥬,리얼 시카 카밍 95 트러블 앰플,https://img.hwahae.co.kr/products/2078345/2078345_20231120170421.jpg?format=webp&size=160x160
비플레인,녹두 약산성 클렌징폼,https://img.hwahae.co.kr/products/1918760/1918760_20230628115919.jpg?format=webp&size=160x160
달바,워터풀 선크림 [SPF50+/PA++++] [에센스],https://img.hwahae.co.kr/products/1956410/1956410_20230320134514.jpg?format=webp&size=160x160
수이스킨,어린 새싹 딥 클렌징 폼,https://img.hwahae.co.kr/products/2079264/2079264_20231127134110.jpg?format=webp&size=160x160
토리든,다이브인 저분자 히알루론산 토너,https://img.hwahae.co.kr/products/1890897/1890897_20231114111246.jpg?format=webp&size=160x160
일리윤,세라마이드 아토 로션,https://img.hwahae.co.kr/products/1972446/1972446_20220801000000.jpg?format=webp&size=160x160
토리든,다이브인 저분자 히알루론산 수딩 크림,https://img.hwahae.co.kr/products/1939812/1939812_20231114110724.jpg?format=webp&size=160x160
토리든,다이브인 저분자 히알루론산 클렌징 폼,https://img.hwahae.co.kr/products/2004213/2004213_20220801000000.jpg?format=webp&size=160x160
아토팜,MLE 로션,https://img.hwahae.co.kr/products/1977273/1977273_20220801000000.jpg?format=webp&size=160x160
아토팜,MLE 크림,https://img.hwahae.co.kr/products/1977279/1977279_20220801000000.jpg?format=webp&size=160x160
에스네이처,아쿠아 스쿠알란 수분크림,https://img.hwahae.co.kr/products/1889139/1889139_20220801000000.jpg?format=webp&size=160x160
프리메이,진정한 수분크림,https://img.hwahae.co.kr/products/2091467/2091467_20240321110152.jpg?format=webp&size=160x160
딕셔니스트,아미노산 앰플,https://img.hwahae.co.kr/products/2016363/2016363_20230110094309.jpg?format=webp&size=160x160
오울루,버치 아토 모이스처 크림,https://img.hwahae.co.kr/products/1873411/1873411_20240809145321.jpg?format=webp&size=160x160
바론시에,엑토인 크림,https://img.hwahae.co.kr/products/2039795/2039795_20240320112834.jpg?format=webp&size=160x160
하나린,포스트바이오틱스 안티 헤어로스 샴푸,https://img.hwahae.co.kr/products/2052391/2052391_20241101173735.jpg?format=webp&size=160x160
에스네이처,화이트 글로우 앰플,https://img.hwahae.co.kr/products/2097608/2097608_20240514133139.jpg?format=webp&size=160x160
보타니컬테라피,신생아 아기 베이비 로션,https://img.hwahae.co.kr/products/1994551/1994551_20240513172856.jpg?format=webp&size=160x160
퓨리피아,메타바이옴 토너 패드,https://img.hwahae.co.kr/products/2021763/2021763_20240514114004.jpg?format=webp&size=160x160
에스네이처,아쿠아 콜라겐 펩타이드 트리플 젤 에센스,https://img.hwahae.co.kr/products/1863382/1863382_20221014180354.jpg?format=webp&size=160x160
에스네이처,아쿠아 소이 요거 아이크림,https://img.hwahae.co.kr/products/1988621/1988621_20220801000000.jpg?format=webp&size=160x160
디퍼앤디퍼,엑토인 퍼밍 밴드 크림,https://img.hwahae.co.kr/products/2105075/2105075_20240703151047.jpg?format=webp&size=160x160
토리든,다이브인 저분자 히알루론산 마스크,https://img.hwahae.co.kr/products/1904876/1904876_20220801000000.jpg?format=webp&size=160x160
메디힐,마데카소사이드 에센셜 마스크 [흔적리페어],https://img.hwahae.co.kr/products/2107391/2107391_20240717135928.jpg?format=webp&size=160x160
프리메이,올리브 시카 카밍 앰플 마스크,https://img.hwahae.co.kr/products/2058490/2058490_20230811170214.jpg?format=webp&size=160x160
에스네이처,수퍼 아쿠아겔 오아시스 앰플 마스크,https://img.hwahae.co.kr/products/1995809/1995809_20220801000000.jpg?format=webp&size=160x160
본어글리,퍼밍 켈프 퍼스트 마스크,https://img.hwahae.co.kr/products/2090165/2090165_20240329164200.jpg?format=webp&size=160x160
다자연,마스크팩 [어성초],https://img.hwahae.co.kr/products/1848416/1848416_20220801000000.jpg?format=webp&size=160x160
메디힐,스피큘 모공 탄력 시스템 1,https://img.hwahae.co.kr/products/2111464/2111464_20240809154602.jpg?format=webp&size=160x160
아로셀,슈퍼 콜라겐 마스크,https://img.hwahae.co.kr/products/2100443/2100443_20240812175123.jpg?format=webp&size=160x160
바노바기,디엑스 마스크 [히야아쿠아플렉스],https://img.hwahae.co.kr/products/2096457/2096457_20240426094720.jpg?format=webp&size=160x160
프리메이,핑크 콜라겐 앰플 마스크,https://img.hwahae.co.kr/products/2059581/2059581_20230818101454.jpg?format=webp&size=160x160
메디힐,에센셜 마스크 [티트리],https://img.hwahae.co.kr/products/1986632/1986632_20231005145419.jpg?format=webp&size=160x160
하우스오브비,글루타티온 페이스 필름,https://img.hwahae.co.kr/products/2089869/2089869_20240903164851.jpg?format=webp&size=160x160
바노바기,비타 제닉 젤리 마스크 [화이트닝],https://img.hwahae.co.kr/products/2044428/2044428_20230608103630.jpg?format=webp&size=160x160
바이오던스,하이드로 세라놀 리얼 딥 마스크,https://img.hwahae.co.kr/products/2085976/2085976_20240116123554.jpg?format=webp&size=160x160
토리든,셀메이징 비타C 브라이트닝 마스크,https://img.hwahae.co.kr/products/2088385/2088385_20240315095044.jpg?format=webp&size=160x160
토리든,밸런스풀 시카 마스크,https://img.hwahae.co.kr/products/2022509/2022509_20230518172945.jpg?format=webp&size=160x160
닥터오라클,나이아신아마이드 미백 레시피 마스크팩,https://img.hwahae.co.kr/products/1936993/1936993_20220801000000.jpg?format=webp&size=160x160
메디힐,에센셜 마스크 [마데카소사이드],https://img.hwahae.co.kr/products/1985514/1985514_20220801000000.jpg?format=webp&size=160x160
듀이트리,AC 컨트롤 EX 딥마스크,https://img.hwahae.co.kr/products/1845796/1845796_20220801000000.jpg?format=webp&size=160x160
백아율,모이스처 밸런싱 마스크,https://img.hwahae.co.kr/products/2009262/2009262_20220822094209.jpg?format=webp&size=160x160
메디힐,레티놀 콜라겐 아이 앰플 패치,https://img.hwahae.co.kr/products/2055070/2055070_20230927103138.jpg?format=webp&size=160x160
유이크,바이옴 비타씨 다크서클 아이패치,https://img.hwahae.co.kr/products/2090957/2090957_20240319103402.jpg?format=webp&size=160x160
구달,청귤 비타C 아이패치,https://img.hwahae.co.kr/products/1896497/1896497_20230125110144.jpg?format=webp&size=160x160
한율,달빛유자 비타톤업 애플존 패드,https://img.hwahae.co.kr/products/2086493/2086493_20240123153757.jpg?format=webp&size=160x160
키스뮤즈,안티링클 아이 리프팅 마스크,https://img.hwahae.co.kr/products/2095199/2095199_20240417094052.jpg?format=webp&size=160x160
아비브,콜라겐 아이패치 부활초젤리,https://img.hwahae.co.kr/products/2018396/2018396_20221221163530.jpg?format=webp&size=160x160
더마토리,프로 비타 에이 레티날 아이패치,https://img.hwahae.co.kr/products/2039033/2039033_20230509131218.jpg?format=webp&size=160x160
Snp,골드 콜라겐 퍼밍 아이패치,https://img.hwahae.co.kr/products/2017043/2017043_20221202112843.jpg?format=webp&size=160x160
미즈온,스네일 리페어 인텐시브 골드 아이 겔 패치,https://img.hwahae.co.kr/products/2090040/2090040_20240308103754.jpg?format=webp&size=160x160
잇츠스킨,도라에몽 에디션 파워10 감초줄렌 젤리패드,https://img.hwahae.co.kr/products/2114961/2114961_20240830094529.jpg?format=webp&size=160x160
코코스타,비건 로맨틱 로즈 립 마스크,https://img.hwahae.co.kr/products/2015027/2015027_20230706172551.jpg?format=webp&size=160x160
포잇,유브이 블록 멀티 스포츠 썬 패치,https://img.hwahae.co.kr/products/1999808/1999808_20230425173121.jpg?format=webp&size=160x160
듀어썸,듀얼 치크 마스크,https://img.hwahae.co.kr/products/2040368/2040368_20230512163429.jpg?format=webp&size=160x160
아비브,그린 LHA 모공 패드 클리어 터치,https://img.hwahae.co.kr/products/2096523/2096523_20240426142345.jpg?format=webp&size=160x160
시드물,엑토인시카 에센스 토너,https://img.hwahae.co.kr/products/2009069/2009069_20230601173632.jpg?format=webp&size=160x160
미즈온,콜라겐 아이 겔 패치,https://img.hwahae.co.kr/products/1903207/1903207_20220801000000.jpg?format=webp&size=160x160
아이소이,블레미쉬 케어 아이 앤 미간 패치,https://img.hwahae.co.kr/products/2068907/2068907_20231004152124.jpg?format=webp&size=160x160
다이소,아이존패치 [비타브라이트닝],https://img.hwahae.co.kr/products/2023289/2023289_20230214120936.jpg?format=webp&size=160x160
라라츄,이지찹 밴드 마스크팩 [유스쉐이퍼],https://img.hwahae.co.kr/products/2012074/2012074_20221129145419.jpg?format=webp&size=160x160
코씨,문릿 콜라겐 마스크팩,https://img.hwahae.co.kr/products/2046163/2046163_20230616100426.jpg?format=webp&size=160x160
비알머드,리커버리 머드 팩투폼 클렌저,https://img.hwahae.co.kr/products/1948276/1948276_20220808101521.jpg?format=webp&size=160x160
풀리,그린 토마토 클레이 팩 클렌저,https://img.hwahae.co.kr/products/2084973/2084973_20240105105717.jpg?format=webp&size=160x160
아페리레,비 프로즌 포어 마스크,https://img.hwahae.co.kr/products/2008328/2008328_20231128135649.jpg?format=webp&size=160x160
에이프릴스킨,핑크알로에 머랭솝,https://img.hwahae.co.kr/products/2097671/2097671_20240514161831.jpg?format=webp&size=160x160
조선미녀,맑은쌀꿀채운마스크,https://img.hwahae.co.kr/products/2101218/2101218_20240813140835.jpg?format=webp&size=160x160
티엘스,화이트 티트리 아크 플러스 팩 클렌저,https://img.hwahae.co.kr/products/2100394/2100394_20240604134349.jpg?format=webp&size=160x160
비플레인,녹두 모공 클레이 팩,https://img.hwahae.co.kr/products/2004008/2004008_20220801000000.jpg?format=webp&size=160x160
아임프롬,피그 스크럽 마스크,https://img.hwahae.co.kr/products/1879294/1879294_20240725152320.jpg?format=webp&size=160x160
디퍼앤디퍼,스카이 워터링 크라이오 크림 마스크,https://img.hwahae.co.kr/products/2096941/2096941_20240507131136.jpg?format=webp&size=160x160
한율,어린쑥 클렌징 흡착 팩폼,https://img.hwahae.co.kr/products/2096758/2096758_20240502111537.jpg?format=webp&size=160x160
리더스코스메틱,밀크 스폰지 마스크,https://img.hwahae.co.kr/products/1894218/1894218_20230612115326.jpg?format=webp&size=160x160
이레프,화산송이 버블팩,https://img.hwahae.co.kr/products/2075295/2075295_20240130111747.jpg?format=webp&size=160x160
신스루,유황 미네랄 클렌징 파우더,https://img.hwahae.co.kr/products/2115090/2115090_20240830115802.jpg?format=webp&size=160x160
파파레서피,가지 클리어링 머드 크림 마스크,https://img.hwahae.co.kr/products/1780709/1780709_20220801000000.jpg?format=webp&size=160x160
듀이트리,AC 컨트롤 딥 그린 카밍 클레이젤 모공팩,https://img.hwahae.co.kr/products/2038056/2038056_20230504095208.jpg?format=webp&size=160x160
이즈앤트리,머그워트 카밍 클레이 마스크,https://img.hwahae.co.kr/products/1813013/1813013_20220801000000.jpg?format=webp&size=160x160
구달,비건라이스 밀크 팩 클렌저,https://img.hwahae.co.kr/products/2071574/2071574_20231017164801.jpg?format=webp&size=160x160
듀댑,시카티 모공피지 팩 클렌저,https://img.hwahae.co.kr/products/2105138/2105138_20240704094751.jpg?format=webp&size=160x160
비알머드,리커버리 머드 마스크,https://img.hwahae.co.kr/products/1942651/1942651_20221121172028.jpg?format=webp&size=160x160
드림웍스,아임더 리얼 슈렉팩,https://img.hwahae.co.kr/products/1814975/1814975_20220801000000.jpg?format=webp&size=160x160
메디필,레드 락토 콜라겐 랩핑 마스크,https://img.hwahae.co.kr/products/2015777/2015777_20240318102855.jpg?format=webp&size=160x160
메디힐,더마 모델링 팩 [마데카소사이드흔적],https://img.hwahae.co.kr/products/2090918/2090918_20240322140548.jpg?format=webp&size=160x160
린제이,모델링마스크 컵팩 [진정약초],https://img.hwahae.co.kr/products/1944734/1944734_20221104161743.jpg?format=webp&size=160x160
메디필,히알루론산 레이어 물톡스 랩핑 마스크,https://img.hwahae.co.kr/products/2086726/2086726_20240521114704.jpg?format=webp&size=160x160
비건이펙트,슬로우 앤 에이징 저분자콜라겐 마스크팩,https://img.hwahae.co.kr/products/2060857/2060857_20240809162948.jpg?format=webp&size=160x160
메디큐브,콜라겐 나이트 랩핑 마스크,https://img.hwahae.co.kr/products/2000907/2000907_20241104140426.jpg?format=webp&size=160x160
메디힐,더마 모델링 팩 [티트리진정],https://img.hwahae.co.kr/products/2090838/2090838_20240318133440.jpg?format=webp&size=160x160
린제이,모델링마스크 컵팩 [차콜],https://img.hwahae.co.kr/products/2046888/2046888_20240112133629.jpg?format=webp&size=160x160
린제이,모델링마스크 컵팩 [비타민],https://img.hwahae.co.kr/products/1880697/1880697_20230620170713.jpg?format=webp&size=160x160
메디힐,더마 모델링 팩 [히알루론산속보습],https://img.hwahae.co.kr/products/2090840/2090840_20240318133935.jpg?format=webp&size=160x160
린제이,오리지널 모델링팩 [쿨링밤],https://img.hwahae.co.kr/products/1944736/1944736_20220801000000.jpg?format=webp&size=160x160
오어스,쿨 시카 티트리 모델링팩,https://img.hwahae.co.kr/products/2107946/2107946_20240719145348.jpg?format=webp&size=160x160
토리든,다이브인 저분자 히알루론산 모델링 팩,https://img.hwahae.co.kr/products/2097042/2097042_20240520141424.jpg?format=webp&size=160x160
토리든,밸런스풀 시카 모델링 팩,https://img.hwahae.co.kr/products/2097043/2097043_20240520141400.jpg?format=webp&size=160x160
달바,화이트 트러플 세럼 앤 크림 모델링 마스크,https://img.hwahae.co.kr/products/2098282/2098282_20240521112915.jpg?format=webp&size=160x160
브링그린,모델링 팩 [티트리시카],https://img.hwahae.co.kr/products/2080740/2080740_20240305162034.jpg?format=webp&size=160x160
린제이,모델링마스크 컵팩 [콜라겐],https://img.hwahae.co.kr/products/1880701/1880701_20230620170914.jpg?format=webp&size=160x160
원씽,모델링팩 [어성초],https://img.hwahae.co.kr/products/2077160/2077160_20231113134021.jpg?format=webp&size=160x160
에이프릴스킨,카렌둘라 필 오프 팩,https://img.hwahae.co.kr/products/2090123/2090123_20240311110958.jpg?format=webp&size=160x160
알렉산더킴스코,로얄 비비크림,https://img.hwahae.co.kr/products/2096380/2096380_20241101135508.jpg?format=webp&size=160x160
토니모리,어성초시카 쿨링 수분 크림,https://img.hwahae.co.kr/products/2036781/2036781_20241104141940.jpg?format=webp&size=160x160
리더스코스메틱,프로 하이드라 아미노 슬리핑 마스크,https://img.hwahae.co.kr/products/1884825/1884825_20230504112322.jpg?format=webp&size=160x160
바이오던스,콜라겐 리얼 딥 마스크,https://img.hwahae.co.kr/products/1945360/1945360_20231221102940.jpg?format=webp&size=160x160
풀리,그린 토마토 크림,https://img.hwahae.co.kr/products/2078472/2078472_20231121172815.jpg?format=webp&size=160x160
시드물,닥터트럽 징크크림,https://img.hwahae.co.kr/products/1896432/1896432_20240503154634.jpg?format=webp&size=160x160
다자연,블루 아가베 포어 슬리핑 마스크,https://img.hwahae.co.kr/products/2082685/2082685_20231215150355.jpg?format=webp&size=160x160
스킨1004,마다가스카르 센텔라 히알루-시카 슬리핑 팩,https://img.hwahae.co.kr/products/1891808/1891808_20220801000000.jpg?format=webp&size=160x160
시드물,꿀 펩타이드 수면팩,https://img.hwahae.co.kr/products/1892624/1892624_20220801000000.jpg?format=webp&size=160x160
한율,달빛유자 수면팩,https://img.hwahae.co.kr/products/2073092/2073092_20240930135411.jpg?format=webp&size=160x160
라네즈,워터 슬리핑 마스크 EX,https://img.hwahae.co.kr/products/1908218/1908218_20220801000000.jpg?format=webp&size=160x160
바노바기,디엑스 마스크 [카페인&퍼밍],https://img.hwahae.co.kr/products/2096502/2096502_20240426114950.jpg?format=webp&size=160x160
바노바기,디엑스 마스크 [AC&AC스팟],https://img.hwahae.co.kr/products/2097508/2097508_20240513161309.jpg?format=webp&size=160x160
새터데이스킨,7 펩타이드 유자 비타민 미백 수면 팩,https://img.hwahae.co.kr/products/2038229/2038229_20240222122701.jpg?format=webp&size=160x160
1.618,샐몬퍼밍 슬리핑마스크,https://img.hwahae.co.kr/products/1849389/1849389_20240510155454.jpg?format=webp&size=160x160
브이티코스메틱,시카 슬리핑 마스크,https://img.hwahae.co.kr/products/1825302/1825302_20220801000000.jpg?format=webp&size=160x160
파티온,노스카나인 스팟 패치,https://img.hwahae.co.kr/products/2013239/2013239_20221007120821.jpg?format=webp&size=160x160
마르시끄,링클 리페어 미간 주름 패치,https://img.hwahae.co.kr/products/2000868/2000868_20231130175516.jpg?format=webp&size=160x160
휴캄,킨츠키 하트 탄력 패치,https://img.hwahae.co.kr/products/2074071/2074071_20231030112912.jpg?format=webp&size=160x160
클리어티앤,더마 SOS 릴리프 패치,https://img.hwahae.co.kr/products/2084657/2084657_20240103133558.jpg?format=webp&size=160x160
닥터오라클,터핀아크™ 스팟패치,https://img.hwahae.co.kr/products/1891890/1891890_20220801000000.jpg?format=webp&size=160x160
매드포코스,링클 마스터 패치,https://img.hwahae.co.kr/products/2056443/2056443_20230801134652.jpg?format=webp&size=160x160
셀올로지,멜리턴 패치 & 앰플,https://img.hwahae.co.kr/products/2095145/2095145_20240416122515.jpg?format=webp&size=160x160
코코스타,옐로 크림 패치,https://img.hwahae.co.kr/products/2010187/2010187_20230407121155.jpg?format=webp&size=160x160
이지덤,이지덤 퀵카밍,https://img.hwahae.co.kr/products/1972772/1972772_20230303133900.jpg?format=webp&size=160x160
싸이닉,시카 블레미쉬 클리어 스팟 패치,https://img.hwahae.co.kr/products/1999772/1999772_20220801000000.jpg?format=webp&size=160x160
마르시끄,링클 리페어 팔자 주름 패치,https://img.hwahae.co.kr/products/2014053/2014053_20231117142900.jpg?format=webp&size=160x160
큐어시스,어성초 아크페어 스팟패치,https://img.hwahae.co.kr/products/1890421/1890421_20220801000000.jpg?format=webp&size=160x160
이지덤,릴리프,https://img.hwahae.co.kr/products/1972471/1972471_20220801000000.jpg?format=webp&size=160x160
트러블레스,마이크로포인트 패치,https://img.hwahae.co.kr/products/1997398/1997398_20220801000000.jpg?format=webp&size=160x160
아크네스,3초 진정 패치,https://img.hwahae.co.kr/products/1958469/1958469_20220801000000.jpg?format=webp&size=160x160
W.피부연구소,트러블패치,https://img.hwahae.co.kr/products/1989942/1989942_20231019173312.jpg?format=webp&size=160x160
스노우투플러스,AC 마그네슘 패치 [소형],https://img.hwahae.co.kr/products/2013629/2013629_20221013094142.jpg?format=webp&size=160x160
파넬,시카마누 클리어 패치 [멀티],https://img.hwahae.co.kr/products/2027417/2027417_20230321154313.jpg?format=webp&size=160x160
트루다이브,스피디 트러블 케어 패치,https://img.hwahae.co.kr/products/2042702/2042702_20231011095810.jpg?format=webp&size=160x160
바이오디티디,스팟 카밍 패치,https://img.hwahae.co.kr/products/2015340/2015340_20221107165030.jpg?format=webp&size=160x160
일소,네추럴 마일드 클리어 노우즈 팩 바이오셀룰로오즈,https://img.hwahae.co.kr/products/1935047/1935047_20220801000000.jpg?format=webp&size=160x160
메디힐,블랙헤드 멜팅 클리어 코팩,https://img.hwahae.co.kr/products/2059874/2059874_20240909173627.jpg?format=webp&size=160x160
해서린,포어 멜팅 와이드 슈링코팩,https://img.hwahae.co.kr/products/2097286/2097286_20240509181751.jpg?format=webp&size=160x160
라운드랩,소나무 진정 시카 코팩,https://img.hwahae.co.kr/products/2064655/2064655_20230912093541.jpg?format=webp&size=160x160
차앤박화장품,안티포어 블랙헤드 클리어 키트,https://img.hwahae.co.kr/products/1805130/1805130_20220801000000.jpg?format=webp&size=160x160
이아이오,안티 포어 블랙헤드 키트,https://img.hwahae.co.kr/products/1994429/1994429_20220801000000.jpg?format=webp&size=160x160
브링그린,티트리 시카 포어 코팩,https://img.hwahae.co.kr/products/2046011/2046011_20241105112334.jpg?format=webp&size=160x160
미팩토리,3단 돼지코팩,https://img.hwahae.co.kr/products/1854067/1854067_20220801000000.jpg?format=webp&size=160x160
라운드랩,1025 독도 코팩,https://img.hwahae.co.kr/products/1998490/1998490_20220801000000.jpg?format=webp&size=160x160
시드물,데일리 포어 클리닉 [1제 디졸브에센스],https://img.hwahae.co.kr/products/1892626/1892626_20231106112443.jpg?format=webp&size=160x160
미팩토리,1단 돼지코팩,https://img.hwahae.co.kr/products/1982096/1982096_20220801000000.jpg?format=webp&size=160x160
나이팅게일,3STEP 타코팩 노즈 [문어코팩],https://img.hwahae.co.kr/products/2015289/2015289_20230210101107.jpg?format=webp&size=160x160
나이팅게일,3STEP 타코팩,https://img.hwahae.co.kr/products/1984098/1984098_20221107143843.jpg?format=webp&size=160x160
차앤박화장품,안티포어 블랙헤드 버블 코팩,https://img.hwahae.co.kr/products/2003289/2003289_20220801000000.jpg?format=webp&size=160x160
어퓨,깨비깨비 블랙헤드 3단 코팩,https://img.hwahae.co.kr/products/1786048/1786048_20220801000000.jpg?format=webp&size=160x160
차앤박화장품,안티포어 블랙헤드 클리어 키트 스트립,https://img.hwahae.co.kr/products/1806166/1806166_20220801000000.jpg?format=webp&size=160x160
미팩토리,녹여쓰는 돼지코팩,https://img.hwahae.co.kr/products/1954125/1954125_20220801000000.jpg?format=webp&size=160x160
닥터엘시아,블랙헤드 제로 투스텝 노즈 패치,https://img.hwahae.co.kr/products/1905381/1905381_20220801000000.jpg?format=webp&size=160x160
토니모리,타코포어 원샷 코팩,https://img.hwahae.co.kr/products/1787267/1787267_20240910102935.jpg?format=webp&size=160x160
씨라클,포어컨트롤 블랙헤드 오프시트,https://img.hwahae.co.kr/products/1853824/1853824_20220801000000.jpg?format=webp&size=160x160
잇츠스킨,파워10 감초줄렌 젤리패드,https://img.hwahae.co.kr/products/1990260/1990260_20220801000000.jpg?format=webp&size=160x160
비플레인,시카테롤 블레미쉬 패드,https://img.hwahae.co.kr/products/2083788/2083788_20231226151304.jpg?format=webp&size=160x160
리브엠,워터핏 8중 수분착붙 패드,https://img.hwahae.co.kr/products/2087347/2087347_20240227170323.jpg?format=webp&size=160x160
일루미엘,물결 수분 네모패드,https://img.hwahae.co.kr/products/2094548/2094548_20240411140011.jpg?format=webp&size=160x160
더마펌,수딩 리페어 토닝 패드 R4,https://img.hwahae.co.kr/products/2096933/2096933_20240507114214.jpg?format=webp&size=160x160
초록초롱,비건 허브 각질 피지케어 제주 페퍼민트 토너패드,https://img.hwahae.co.kr/products/2108135/2108135_20240722133259.jpg?format=webp&size=160x160
아페리레,순수 블루 토너 패드,https://img.hwahae.co.kr/products/2012535/2012535_20220929121614.jpg?format=webp&size=160x160
리더스코스메틱,잡티 흔적 패드,https://img.hwahae.co.kr/products/2085329/2085329_20240109093734.jpg?format=webp&size=160x160
리브엠,시카좀 카밍 클리어 패드,https://img.hwahae.co.kr/products/2107139/2107139_20240715175627.jpg?format=webp&size=160x160
리더스코스메틱,보습 영양 패드,https://img.hwahae.co.kr/products/2085335/2085335_20240109095325.jpg?format=webp&size=160x160
에스네이처,아쿠아 오아시스 판테알란 카밍패드,https://img.hwahae.co.kr/products/2090492/2090492_20240314113507.jpg?format=webp&size=160x160
주미소,안티옥시던트 글로우 토닝 패드,https://img.hwahae.co.kr/products/2097915/2097915_20240527175330.jpg?format=webp&size=160x160
마녀공장,히더 카밍 에센스 패드,https://img.hwahae.co.kr/products/2032441/2032441_20230613162615.jpg?format=webp&size=160x160
아비브,어성초 스팟 패드 카밍터치,https://img.hwahae.co.kr/products/1890849/1890849_20240627152949.jpg?format=webp&size=160x160
더랩바이블랑두,올리고 히알루론산 딥 토너,https://img.hwahae.co.kr/products/2055040/2055040_20230831094834.jpg?format=webp&size=160x160
이즈앤트리,초저분자 히아루론산 토너,https://img.hwahae.co.kr/products/2017136/2017136_20221226175000.jpg?format=webp&size=160x160
코스노리,판테놀 베리어 토너,https://img.hwahae.co.kr/products/2086848/2086848_20240205095006.jpg?format=webp&size=160x160
비플레인,녹두 밸런싱 토너,https://img.hwahae.co.kr/products/1902943/1902943_20230911182920.jpg?format=webp&size=160x160
닥터트웬티프로젝트,나인 토너,https://img.hwahae.co.kr/products/2108567/2108567_20240723160851.jpg?format=webp&size=160x160
마녀공장,비피다 바이옴 앰플 토너,https://img.hwahae.co.kr/products/1872355/1872355_20230602135457.jpg?format=webp&size=160x160
조선미녀,맑은쌀채운토너,https://img.hwahae.co.kr/products/2101214/2101214_20240812172605.jpg?format=webp&size=160x160
프리메이,어성초 진정해 수분 토너,https://img.hwahae.co.kr/products/2004646/2004646_20240126103840.jpg?format=webp&size=160x160
랩클,펩타이드 크림 스킨 모이스처라이징 토너,https://img.hwahae.co.kr/products/1931642/1931642_20240830112323.jpg?format=webp&size=160x160
카이네,콤부 밸런싱 앰플 토너,https://img.hwahae.co.kr/products/1999682/1999682_20240710163509.jpg?format=webp&size=160x160
풀리,그린 토마토 토너,https://img.hwahae.co.kr/products/2082961/2082961_20240703100431.jpg?format=webp&size=160x160
비플레인,시카테롤 토너,https://img.hwahae.co.kr/products/2018734/2018734_20221226152149.jpg?format=webp&size=160x160
바이오더마,하이드라비오 에센스 로션,https://img.hwahae.co.kr/products/1762277/1762277_20240829155215.jpg?format=webp&size=160x160
싸이닉,더 심플 카밍 토너,https://img.hwahae.co.kr/products/1803575/1803575_20230224161545.jpg?format=webp&size=160x160
라네즈,세라펩타이드 크림스킨,https://img.hwahae.co.kr/products/2018120/2018120_20240923141802.jpg?format=webp&size=160x160
시드물,오리지널 웰빙 녹차스킨,https://img.hwahae.co.kr/products/1991488/1991488_20220801000000.jpg?format=webp&size=160x160
싸이닉,더 심플 데일리 로션,https://img.hwahae.co.kr/products/1786624/1786624_20230224161801.jpg?format=webp&size=160x160
코스노리,판테놀 베리어 에멀전,https://img.hwahae.co.kr/products/2086849/2086849_20240205095115.jpg?format=webp&size=160x160
아토팜,수딩 젤 로션,https://img.hwahae.co.kr/products/1998256/1998256_20240415114938.jpg?format=webp&size=160x160
에스트라,아토베리어365 로션,https://img.hwahae.co.kr/products/2085358/2085358_20240109103448.jpg?format=webp&size=160x160
마레도로,미라클 TP-71 로션,https://img.hwahae.co.kr/products/2098505/2098505_20240522110845.jpg?format=webp&size=160x160
피지오겔,DMT 페이셜 로션,https://img.hwahae.co.kr/products/1747514/1747514_20221101175634.jpg?format=webp&size=160x160
세타필,모이스춰라이징 로션,https://img.hwahae.co.kr/products/1995671/1995671_20220801000000.jpg?format=webp&size=160x160
시드물,울트라 수분 로션 [무향],https://img.hwahae.co.kr/products/1991479/1991479_20220801000000.jpg?format=webp&size=160x160
닥터지,레드 블레미쉬 멀티 플루이드,https://img.hwahae.co.kr/products/1798461/1798461_20240307160508.jpg?format=webp&size=160x160
벨프리모,히알베리어 아토 로션,https://img.hwahae.co.kr/products/2053553/2053553_20240228105933.jpg?format=webp&size=160x160
온그리디언츠,스킨 베리어 카밍 로션,https://img.hwahae.co.kr/products/2063586/2063586_20240419173003.jpg?format=webp&size=160x160
피지오겔,레드수딩 AI 로션,https://img.hwahae.co.kr/products/1852554/1852554_20220801000000.jpg?format=webp&size=160x160
제로이드,수딩 로션,https://img.hwahae.co.kr/products/1818570/1818570_20220801000000.jpg?format=webp&size=160x160
비플레인,캐모마일 약산성 로션,https://img.hwahae.co.kr/products/1874424/1874424_20230512112957.jpg?format=webp&size=160x160
라운드랩,소나무 진정 시카 로션,https://img.hwahae.co.kr/products/2009998/2009998_20220830101337.jpg?format=webp&size=160x160
아누아,어성초 70 데일리 로션,https://img.hwahae.co.kr/products/2117823/2117823_20240930145145.jpg?format=webp&size=160x160
딕셔니스트,아미노산 로션,https://img.hwahae.co.kr/products/2117634/2117634_20240927112817.jpg?format=webp&size=160x160
달바,화이트 트러플 더블 세럼 앤 크림,https://img.hwahae.co.kr/products/1980878/1980878_20220801000000.jpg?format=webp&size=160x160
메디힐,마데카소사이드 흔적 리페어 세럼,https://img.hwahae.co.kr/products/2096686/2096686_20240430104756.jpg?format=webp&size=160x160
코스알엑스,더 6 펩타이드 스킨 부스터 세럼,https://img.hwahae.co.kr/products/2058844/2058844_20230816120723.jpg?format=webp&size=160x160
에스네이처,아쿠아 스쿠알란 세럼,https://img.hwahae.co.kr/products/2001721/2001721_20220801000000.jpg?format=webp&size=160x160
메디힐,티트리 진정 수분 앰플,https://img.hwahae.co.kr/products/2037198/2037198_20230428114707.jpg?format=webp&size=160x160
비플레인,녹두 모공 타이트업 세럼,https://img.hwahae.co.kr/products/2088029/2088029_20240219162854.jpg?format=webp&size=160x160
스킨앤랩,베리어덤 링거 앰플,https://img.hwahae.co.kr/products/2099052/2099052_20240527120127.jpg?format=webp&size=160x160
토리든,밸런스풀 시카 진정 세럼,https://img.hwahae.co.kr/products/2017019/2017019_20221201142117.jpg?format=webp&size=160x160
토코보,시카 카밍 세럼,https://img.hwahae.co.kr/products/2098519/2098519_20240522114757.jpg?format=webp&size=160x160
퓨리토서울,원더 릴리프 센텔라 세럼 언센티드,https://img.hwahae.co.kr/products/2086924/2086924_20240205174844.jpg?format=webp&size=160x160
웰라쥬,하이퍼 펩타이드 보툴리들 앰플,https://img.hwahae.co.kr/products/2103771/2103771_20240626121342.jpg?format=webp&size=160x160
이니스프리,레티놀 시카 흔적 앰플,https://img.hwahae.co.kr/products/1973086/1973086_20230228111820.jpg?format=webp&size=160x160
결하우스,스킨 베리어 호호바 오일,https://img.hwahae.co.kr/products/2115316/2115316_20240903121952.jpg?format=webp&size=160x160
블랑네이처,5배 고농축 매직 티트리 오일,https://img.hwahae.co.kr/products/2093134/2093134_20240401151650.jpg?format=webp&size=160x160
에센허브,티트리 100% 오일,https://img.hwahae.co.kr/products/1984061/1984061_20230802153504.jpg?format=webp&size=160x160
데저트에센스,100% 퓨어 호호바 오일,https://img.hwahae.co.kr/products/1721984/1721984_20220801000000.jpg?format=webp&size=160x160
에스네이처,호호바오일,https://img.hwahae.co.kr/products/2075156/2075156_20231106145826.jpg?format=webp&size=160x160
코스알엑스,더 레티놀 0.5 오일,https://img.hwahae.co.kr/products/2006799/2006799_20220801000000.jpg?format=webp&size=160x160
일리윤,MD 레드이치 오일,https://img.hwahae.co.kr/products/2022379/2022379_20230202120853.jpg?format=webp&size=160x160
티아레,디 오리진 퓨어 오일,https://img.hwahae.co.kr/products/2058008/2058008_20230919094129.jpg?format=webp&size=160x160
아로마티카,티트리 53 블레미쉬 스팟,https://img.hwahae.co.kr/products/2009381/2009381_20231018135920.jpg?format=webp&size=160x160
라보니따,바이탈 스쿠알란 오일,https://img.hwahae.co.kr/products/1780187/1780187_20230811163151.jpg?format=webp&size=160x160
스킨아이,내추럴 발효 비건 동백오일 100,https://img.hwahae.co.kr/products/1729007/1729007_20220801000000.jpg?format=webp&size=160x160
시드물,자연산 냉압착 오일 [호호바],https://img.hwahae.co.kr/products/168686/168686_20220801000000.jpg?format=webp&size=160x160
동인비,1899 워터리 오일 에센스,https://img.hwahae.co.kr/products/2044847/2044847_20231011155948.jpg?format=webp&size=160x160
동인비,1899 시그니처 오일,https://img.hwahae.co.kr/products/2032291/2032291_20231011160132.jpg?format=webp&size=160x160
리터니티,유기농 호호바오일 100%,https://img.hwahae.co.kr/products/2054445/2054445_20230831141604.jpg?format=webp&size=160x160
눅스,윌 프로디쥬스 멀티 오일 [리치],https://img.hwahae.co.kr/products/1872315/1872315_20220801000000.jpg?format=webp&size=160x160
바이오-오일,스킨케어 오일,https://img.hwahae.co.kr/products/1901003/1901003_20220801000000.jpg?format=webp&size=160x160
코코케어,100% 내추럴 호호바 오일,https://img.hwahae.co.kr/products/2032002/2032002_20231020112252.jpg?format=webp&size=160x160
다비다,인텐시브 인퓨전 캐비아 오일,https://img.hwahae.co.kr/products/2013915/2013915_20230315104406.jpg?format=webp&size=160x160
시크릿플랜트,티트리 오일 100,https://img.hwahae.co.kr/products/1728999/1728999_20220801000000.jpg?format=webp&size=160x160
토리든,다이브인 저분자 히알루론산 크림,https://img.hwahae.co.kr/products/1984093/1984093_20220801000000.jpg?format=webp&size=160x160
어바웃미,숲 진정 수분 크림,https://img.hwahae.co.kr/products/2057118/2057118_20230927134157.jpg?format=webp&size=160x160
비플레인,녹두 모공 타이트업 수딩 크림,https://img.hwahae.co.kr/products/2109968/2109968_20240801095111.jpg?format=webp&size=160x160
메이크프렘,인테카 수딩 크림,https://img.hwahae.co.kr/products/1995168/1995168_20220801000000.jpg?format=webp&size=160x160
리브엠,시카좀 카밍 워터 젤크림,https://img.hwahae.co.kr/products/2107141/2107141_20240715175717.jpg?format=webp&size=160x160
피지오겔,DMT 페이셜크림,https://img.hwahae.co.kr/products/1875300/1875300_20220801000000.jpg?format=webp&size=160x160
웰라쥬,리얼 히알루로닉 100 크림,https://img.hwahae.co.kr/products/2017686/2017686_20221214145158.jpg?format=webp&size=160x160
홀리카홀리카,세라베리어 모이스처 액티브 크림,https://img.hwahae.co.kr/products/2067669/2067669_20230925175340.jpg?format=webp&size=160x160
딕셔니스트,아미노산 크림,https://img.hwahae.co.kr/products/2060941/2060941_20231128163255.jpg?format=webp&size=160x160
바이오더마,아토덤 인텐시브 밤,https://img.hwahae.co.kr/products/1899613/1899613_20240806104258.jpg?format=webp&size=160x160
라운드랩,자작나무 수분 크림,https://img.hwahae.co.kr/products/1817580/1817580_20220801000000.jpg?format=webp&size=160x160
비햅,슬로우차가 광채탄력 페이스 아이 세럼,https://img.hwahae.co.kr/products/2103250/2103250_20240621153147.jpg?format=webp&size=160x160
리더스코스메틱,그린 콜라겐 아이크림 포 페이스,https://img.hwahae.co.kr/products/2027530/2027530_20240318141508.jpg?format=webp&size=160x160
코스노리,아보카도 아이크림,https://img.hwahae.co.kr/products/1942105/1942105_20230216173808.jpg?format=webp&size=160x160
라로제,안티퍼티그 아이 컨투어 스틱,https://img.hwahae.co.kr/products/2040220/2040220_20240131140652.jpg?format=webp&size=160x160
소미,볼륨 리페어 아이크림,https://img.hwahae.co.kr/products/2116887/2116887_20241007144423.jpg?format=webp&size=160x160
닥터오라클,레티노타이트닝 3D톡스 레티놀 펩타이드 아이크림,https://img.hwahae.co.kr/products/2087824/2087824_20240216133017.jpg?format=webp&size=160x160
마티나겝하르트,아보카도 아이크림,https://img.hwahae.co.kr/products/1818934/1818934_20220801000000.jpg?format=webp&size=160x160
샤이샤이샤이,바나나 컨실 아이크림,https://img.hwahae.co.kr/products/1971573/1971573_20220801000000.jpg?format=webp&size=160x160
AHC,텐 레볼루션 리얼 아이크림 포 페이스,https://img.hwahae.co.kr/products/1993101/1993101_20240214135539.jpg?format=webp&size=160x160
토리든,셀메이징 저분자 콜라겐 탄력 아이크림,https://img.hwahae.co.kr/products/2086424/2086424_20240123103113.jpg?format=webp&size=160x160
잇츠스킨,파워10 감초줄렌 아이크림,https://img.hwahae.co.kr/products/2013990/2013990_20221019140827.jpg?format=webp&size=160x160
AHC,퓨어레스큐아이크림,https://img.hwahae.co.kr/products/1901537/1901537_20220801000000.jpg?format=webp&size=160x160
비플레인,하루한쑥 아이버터,https://img.hwahae.co.kr/products/1918528/1918528_20230526115808.jpg?format=webp&size=160x160
AHC,프리미어 앰플 인 아이크림,https://img.hwahae.co.kr/products/2019040/2019040_20240306121454.jpg?format=webp&size=160x160
스킨1004,마다가스카르 센텔라 프로바이오시카 바쿠치올 아이 크림,https://img.hwahae.co.kr/products/2058022/2058022_20230807172328.jpg?format=webp&size=160x160
아이레놀,다크서클 크림 [S],https://img.hwahae.co.kr/products/1910553/1910553_20240920102456.jpg?format=webp&size=160x160
AHC,프라이빗 아이크림 포 페이스,https://img.hwahae.co.kr/products/2011080/2011080_20220913145905.jpg?format=webp&size=160x160
AHC,유스 래스팅 리얼 아이크림 포 페이스,https://img.hwahae.co.kr/products/1908447/1908447_20221104115859.jpg?format=webp&size=160x160
썬플랜,타임슬립 아이 크림,https://img.hwahae.co.kr/products/1975456/1975456_20220801000000.jpg?format=webp&size=160x160
달바,화이트 트러플 퍼스트 스프레이 세럼,https://img.hwahae.co.kr/products/1997263/1997263_20220801000000.jpg?format=webp&size=160x160
아이레시피,아쿠아 피토플렉스 크림 인 토너 미스트,https://img.hwahae.co.kr/products/2000046/2000046_20240820144932.jpg?format=webp&size=160x160
유이크,바이옴 베리어 크림 미스트,https://img.hwahae.co.kr/products/2005403/2005403_20220801000000.jpg?format=webp&size=160x160
TTtH,온천수 미스트,https://img.hwahae.co.kr/products/2100580/2100580_20240605142540.jpg?format=webp&size=160x160
아벤느,오 떼르말,https://img.hwahae.co.kr/products/3506/3506_20220801000000.jpg?format=webp&size=160x160
그라운드플랜,미스트,https://img.hwahae.co.kr/products/1814881/1814881_20240213102302.jpg?format=webp&size=160x160
차앤박화장품,프로폴리스 에너지 앰플 미스트,https://img.hwahae.co.kr/products/1796997/1796997_20220801000000.jpg?format=webp&size=160x160
시초,부스팅 미스트 세럼,https://img.hwahae.co.kr/products/1991484/1991484_20230711133357.jpg?format=webp&size=160x160
에스트라,아토베리어 365 크림 미스트,https://img.hwahae.co.kr/products/1828058/1828058_20230901160943.jpg?format=webp&size=160x160
폴스킨,프리미엄 천연 오일 미스트 앰플,https://img.hwahae.co.kr/products/2079465/2079465_20231128113553.jpg?format=webp&size=160x160
엘솔레,모이스처라이징 미라클 미스트 토너,https://img.hwahae.co.kr/products/2067392/2067392_20230925133925.jpg?format=webp&size=160x160
"디어,클레어스",펀더멘탈 앰플 미스트,https://img.hwahae.co.kr/products/2024447/2024447_20231128115843.jpg?format=webp&size=160x160
매스티나,화이트매스틱 미스트 앰플,https://img.hwahae.co.kr/products/2055117/2055117_20230807153010.jpg?format=webp&size=160x160
달바,화이트 트러플 프라임 인텐시브 세럼,https://img.hwahae.co.kr/products/2015249/2015249_20221103153148.jpg?format=webp&size=160x160
모공도둑,세라판테 반반 미스트,https://img.hwahae.co.kr/products/2105805/2105805_20240709093200.jpg?format=webp&size=160x160
닥터올가,약산성 어성초 레드스팟 여드름 & 등드름 미스트,https://img.hwahae.co.kr/products/1947515/1947515_20230119113806.jpg?format=webp&size=160x160
어바웃미,숲 진정 수분 미스트,https://img.hwahae.co.kr/products/1942416/1942416_20220801000000.jpg?format=webp&size=160x160
달바,화이트 트러플 바이탈 스프레이 세럼,https://img.hwahae.co.kr/products/2008792/2008792_20220817135754.jpg?format=webp&size=160x160
닥터올가,어성초&목련 카밍 스킨 미스트,https://img.hwahae.co.kr/products/2041891/2041891_20230523134750.jpg?format=webp&size=160x160
라페리오드,올데이 포어디펜스 컨센트레이션 미스트,https://img.hwahae.co.kr/products/2097271/2097271_20240509165459.jpg?format=webp&size=160x160
아로마티카,수딩 알로에 베라 젤,https://img.hwahae.co.kr/products/1996621/1996621_20240725154823.jpg?format=webp&size=160x160
브링그린,알로에99% 수딩젤,https://img.hwahae.co.kr/products/1886069/1886069_20240409160606.jpg?format=webp&size=160x160
에스네이처,아쿠아 오아시스 수분 젤크림,https://img.hwahae.co.kr/products/2047439/2047439_20230623093654.jpg?format=webp&size=160x160
잇츠스킨,파워10 감초줄렌 수딩 젤크림,https://img.hwahae.co.kr/products/2001008/2001008_20220801000000.jpg?format=webp&size=160x160
일리윤,세라마이드 아토 수딩 젤,https://img.hwahae.co.kr/products/1828009/1828009_20220801000000.jpg?format=webp&size=160x160
히루스카,포스트아크네,https://img.hwahae.co.kr/products/1863712/1863712_20240607171100.jpg?format=webp&size=160x160
아이레시피,아쿠아 피토플렉스 크림 인 젤,https://img.hwahae.co.kr/products/2064420/2064420_20240905102718.jpg?format=webp&size=160x160
보타니티,마키올 워터 젤 크림,https://img.hwahae.co.kr/products/1972451/1972451_20230117163116.jpg?format=webp&size=160x160
비플레인,시카풀 카밍 젤,https://img.hwahae.co.kr/products/1885023/1885023_20221101174941.jpg?format=webp&size=160x160
시드물,알로에 에센셜 [지성용],https://img.hwahae.co.kr/products/1887748/1887748_20220801000000.jpg?format=webp&size=160x160
이솔,프로폴리스 수딩 솔루션,https://img.hwahae.co.kr/products/3913/3913_20230605102021.jpg?format=webp&size=160x160
이니스프리,알로에 리바이탈라이징 수딩젤,https://img.hwahae.co.kr/products/1830374/1830374_20240521123148.jpg?format=webp&size=160x160
바이오더마,아토덤 인텐시브 젤 크림,https://img.hwahae.co.kr/products/1932446/1932446_20240313105011.jpg?format=webp&size=160x160
식물나라,제주 알로에 촉촉 수딩젤,https://img.hwahae.co.kr/products/2085376/2085376_20240109111554.jpg?format=webp&size=160x160
큐어,리알로에 수딩젤,https://img.hwahae.co.kr/products/2040037/2040037_20230511152706.jpg?format=webp&size=160x160
홀리카홀리카,알로에 99% 수딩젤,https://img.hwahae.co.kr/products/1801059/1801059_20220801000000.jpg?format=webp&size=160x160
야다,선인장 수딩젤,https://img.hwahae.co.kr/products/1821522/1821522_20220801000000.jpg?format=webp&size=160x160
라운드랩,자작나무 수분 수딩젤,https://img.hwahae.co.kr/products/1996488/1996488_20220801000000.jpg?format=webp&size=160x160
이즈앤트리,알로에 수딩 젤 [촉촉한타입],https://img.hwahae.co.kr/products/1883253/1883253_20220811100803.jpg?format=webp&size=160x160
코스알엑스,하이드리움 수딩 젤 크림,https://img.hwahae.co.kr/products/1831479/1831479_20220801000000.jpg?format=webp&size=160x160
아비브,수분초 히알루론 패드 하이드레이팅 터치,https://img.hwahae.co.kr/products/2001542/2001542_20240419101931.jpg?format=webp&size=160x160
메디큐브,제로모공패드 2.0,https://img.hwahae.co.kr/products/1887159/1887159_20241101123112.jpg?format=webp&size=160x160
셀리맥스,지우개패드,https://img.hwahae.co.kr/products/1820724/1820724_20220801000000.jpg?format=webp&size=160x160
벨프리모,히알포어 타이트닝 토너패드,https://img.hwahae.co.kr/products/2107949/2107949_20240805160843.jpg?format=webp&size=160x160
스트라이덱스,센시티브 패드,https://img.hwahae.co.kr/products/1816107/1816107_20220801000000.jpg?format=webp&size=160x160
라로슈포제,시카플라스트 밤 B5+,https://img.hwahae.co.kr/products/2010052/2010052_20230901144227.jpg?format=webp&size=160x160
노티컬리,카밍 밤,https://img.hwahae.co.kr/products/2023334/2023334_20240801164448.jpg?format=webp&size=160x160
아이레시피,워터리터치 테카 세라 밤,https://img.hwahae.co.kr/products/2066234/2066234_20230920093843.jpg?format=webp&size=160x160
이니스프리,비자 시카 밤 EX,https://img.hwahae.co.kr/products/1831092/1831092_20230403134054.jpg?format=webp&size=160x160
가히,링클바운스 멀티밤,https://img.hwahae.co.kr/products/2005752/2005752_20230905151619.jpg?format=webp&size=160x160
모나쥬,비건 멀티밤 [매일밤],https://img.hwahae.co.kr/products/1914233/1914233_20240116094748.jpg?format=webp&size=160x160
에뛰드,순정 판텐소사이드™ 10 시카 밤,https://img.hwahae.co.kr/products/1891167/1891167_20231017144900.jpg?format=webp&size=160x160
넛세린,시카 넛 카밍 밤 [비건],https://img.hwahae.co.kr/products/2093378/2093378_20240402165542.jpg?format=webp&size=160x160
모나쥬,비건 멀티밤 [편한밤],https://img.hwahae.co.kr/products/2085935/2085935_20240116095233.jpg?format=webp&size=160x160
메디포포,레미디얼 크림,https://img.hwahae.co.kr/products/1787938/1787938_20221024144621.jpg?format=webp&size=160x160
아토팜,MLE 크림 스틱 밤,https://img.hwahae.co.kr/products/2067762/2067762_20230926105616.jpg?format=webp&size=160x160
닥터오라클,나이아브라이트™ 콜라겐 링클케어 멀티밤,https://img.hwahae.co.kr/products/1992663/1992663_20220801000000.jpg?format=webp&size=160x160
넛세린,슈퍼 넛 너리싱 밤,https://img.hwahae.co.kr/products/2012152/2012152_20240313161303.jpg?format=webp&size=160x160
라로슈포제,(해외) 시카플라스트 B5 리페어링 밤,https://img.hwahae.co.kr/products/2025641/2025641_20240419161048.jpg?format=webp&size=160x160
아비노베이비,더멕사 아토 나이트타임 밤,https://img.hwahae.co.kr/products/1806237/1806237_20220801000000.jpg?format=webp&size=160x160
AHC,텐션 아이크림 스틱 포 페이스,https://img.hwahae.co.kr/products/1999815/1999815_20231214153441.jpg?format=webp&size=160x160
로벡틴,시카케어 스팟 밤,https://img.hwahae.co.kr/products/1973690/1973690_20230912112816.jpg?format=webp&size=160x160
큐템,세라밤 크림,https://img.hwahae.co.kr/products/2004195/2004195_20221109103446.jpg?format=webp&size=160x160
에뛰드,순정 판텐소사이드™ 5 시카 밤,https://img.hwahae.co.kr/products/1944226/1944226_20220801000000.jpg?format=webp&size=160x160
YBK,릴리프 하이드레이션 라이트 폼 클렌저,https://img.hwahae.co.kr/products/1994808/1994808_20231108114623.jpg?format=webp&size=160x160
스킨1004,마다가스카르 센텔라 앰플 폼,https://img.hwahae.co.kr/products/1832892/1832892_20220801000000.jpg?format=webp&size=160x160
블랑네이처,여드름 기능성 클렌징폼,https://img.hwahae.co.kr/products/2031884/2031884_20230526153211.jpg?format=webp&size=160x160
에스네이처,아쿠아 라이스 약산성 클렌징폼,https://img.hwahae.co.kr/products/2015887/2015887_20230802142612.jpg?format=webp&size=160x160
마녀공장,퓨어&딥 클렌징 폼,https://img.hwahae.co.kr/products/1984042/1984042_20230602135612.jpg?format=webp&size=160x160
라운드랩,1025 독도 클렌저,https://img.hwahae.co.kr/products/1799958/1799958_20220801000000.jpg?format=webp&size=160x160
메디필,레드 락토 콜라겐 클리어 폼 클렌저 2.0,https://img.hwahae.co.kr/products/2097551/2097551_20240830095840.jpg?format=webp&size=160x160
메이크프렘,세이프 미 릴리프 모이스처 클렌징 폼,https://img.hwahae.co.kr/products/1883313/1883313_20220801000000.jpg?format=webp&size=160x160
토리든,밸런스풀 시카 포어 클렌징 폼,https://img.hwahae.co.kr/products/2086408/2086408_20240123095424.jpg?format=webp&size=160x160
주미소,포어 퓨리파잉 살리실산 포밍 클렌저,https://img.hwahae.co.kr/products/2079949/2079949_20241014165654.jpg?format=webp&size=160x160
센카,퍼펙트 휩 페이셜 워시,https://img.hwahae.co.kr/products/2022110/2022110_20230131105101.jpg?format=webp&size=160x160
리브엠,시카좀 카밍 딥 클렌징폼,https://img.hwahae.co.kr/products/2107137/2107137_20240715175648.jpg?format=webp&size=160x160
메디필,레드 락토 콜라겐 클리어 2.0,https://img.hwahae.co.kr/products/2024346/2024346_20230222164847.jpg?format=webp&size=160x160
아누아,어성초 87 약산성 딥 클렌징 워터,https://img.hwahae.co.kr/products/2081480/2081480_20231208161344.jpg?format=webp&size=160x160
코스알엑스,약산성 나이아신아마이드 미셀라 클렌징 워터,https://img.hwahae.co.kr/products/2037928/2037928_20230503154209.jpg?format=webp&size=160x160
바이오더마,센시비오 H2O,https://img.hwahae.co.kr/products/98/98_20230403150215.jpg?format=webp&size=160x160
비플레인,녹두 클렌징 워터,https://img.hwahae.co.kr/products/2099970/2099970_20240530170046.jpg?format=webp&size=160x160
마녀공장,퓨어 클렌징 워터 센서티브,https://img.hwahae.co.kr/products/2089554/2089554_20240304163737.jpg?format=webp&size=160x160
토리든,다이브인 저분자 히알루론산 클렌징 워터,https://img.hwahae.co.kr/products/2003454/2003454_20220926120829.jpg?format=webp&size=160x160
네추럴리즘,에어버블 클렌징워터,https://img.hwahae.co.kr/products/2096948/2096948_20240507162036.jpg?format=webp&size=160x160
뷰티레시피,리틀머메이드 디스 이즈 프린세스 클렌징워터,https://img.hwahae.co.kr/products/1744955/1744955_20230208181017.jpg?format=webp&size=160x160
라운드랩,1025 독도 클렌징 워터,https://img.hwahae.co.kr/products/1927047/1927047_20220801000000.jpg?format=webp&size=160x160
파티온,노스카나인 클렌징 워터,https://img.hwahae.co.kr/products/2006515/2006515_20220801000000.jpg?format=webp&size=160x160
더샘,힐링 티 가든 클렌징 워터 [그린티],https://img.hwahae.co.kr/products/1984062/1984062_20220801000000.jpg?format=webp&size=160x160
로벡틴,아쿠아 딥 클렌징 워터,https://img.hwahae.co.kr/products/1905141/1905141_20230710152643.jpg?format=webp&size=160x160
마녀공장,퓨어 엔자임 클렌징 워터,https://img.hwahae.co.kr/products/1872720/1872720_20230602141539.jpg?format=webp&size=160x160
리듀어,리프레싱 타임 클렌징워터,https://img.hwahae.co.kr/products/1984107/1984107_20220801000000.jpg?format=webp&size=160x160
더샘,힐링 티 가든 클렌징 워터 [티트리],https://img.hwahae.co.kr/products/1727402/1727402_20230829150332.jpg?format=webp&size=160x160
셀퓨전씨,약산성 패리어 클렌징 워터,https://img.hwahae.co.kr/products/1940103/1940103_20220801000000.jpg?format=webp&size=160x160
바이오더마,하이드라비오 H2O,https://img.hwahae.co.kr/products/1790734/1790734_20230706165154.jpg?format=webp&size=160x160
코스톡,비건 차콜 미셀라 클렌징워터,https://img.hwahae.co.kr/products/2034486/2034486_20230424103204.jpg?format=webp&size=160x160
아벤느,미셀라 클렌징 워터,https://img.hwahae.co.kr/products/2050718/2050718_20230707164255.jpg?format=webp&size=160x160
바이오더마,세비엄 H2O,https://img.hwahae.co.kr/products/4899/4899_20230405152300.jpg?format=webp&size=160x160
일리윤,세라마이드 아토 6.0 탑투토 워시,https://img.hwahae.co.kr/products/1806141/1806141_20230523152802.jpg?format=webp&size=160x160
달바,화이트 트러플 리턴 오일 크림 클렌저,https://img.hwahae.co.kr/products/2050802/2050802_20230710120036.jpg?format=webp&size=160x160
카이네,콤부 젤리 오일 클렌져,https://img.hwahae.co.kr/products/2101520/2101520_20240612162154.jpg?format=webp&size=160x160
벨프리모,안티크네 젤클렌저,https://img.hwahae.co.kr/products/2070319/2070319_20240402155733.jpg?format=webp&size=160x160
카이네,로즈마리 릴리프 젤 클렌져,https://img.hwahae.co.kr/products/2115654/2115654_20240906174747.jpg?format=webp&size=160x160
아크웰,감초수 pH 밸런싱 포어 클렌징 젤 폼,https://img.hwahae.co.kr/products/2082227/2082227_20231213142056.jpg?format=webp&size=160x160
메이크프렘,인테카 수딩 클렌징 폼,https://img.hwahae.co.kr/products/2037631/2037631_20230502143255.jpg?format=webp&size=160x160
토리든,밸런스풀 시카 클렌징 젤,https://img.hwahae.co.kr/products/2009710/2009710_20221108160508.jpg?format=webp&size=160x160
일리윤,세라마이드 더마 6.0 클렌징워터 폼,https://img.hwahae.co.kr/products/2036857/2036857_20230427140712.jpg?format=webp&size=160x160
모나쥬,올인원 비건 약산성 클렌저,https://img.hwahae.co.kr/products/2048757/2048757_20240116154235.jpg?format=webp&size=160x160
닥터지,약산성 클렌징 젤 폼,https://img.hwahae.co.kr/products/1913916/1913916_20220801000000.jpg?format=webp&size=160x160
비건이펙트,클린앤 글로우 청보리 LHA 젤 클렌저,https://img.hwahae.co.kr/products/2093074/2093074_20240401115721.jpg?format=webp&size=160x160
아벤느,클리낭스 클렌징 젤,https://img.hwahae.co.kr/products/1915401/1915401_20220801000000.jpg?format=webp&size=160x160
다보,알로에 베라 카밍 젤 클렌저,https://img.hwahae.co.kr/products/2023565/2023565_20230215163059.jpg?format=webp&size=160x160
코스알엑스,약산성 굿모닝 젤 클렌저,https://img.hwahae.co.kr/products/2001014/2001014_20220801000000.jpg?format=webp&size=160x160
에스네이처,블랑쉬클렌저,https://img.hwahae.co.kr/products/1832511/1832511_20230202175608.jpg?format=webp&size=160x160
라운드랩,자작나무 수분 클렌저,https://img.hwahae.co.kr/products/1879638/1879638_20220801000000.jpg?format=webp&size=160x160
이퀄베리,물광폭탄 약산성 사우나 클렌저,https://img.hwahae.co.kr/products/1814530/1814530_20220801000000.jpg?format=webp&size=160x160
제로이드,더마뉴얼 클렌징 젤,https://img.hwahae.co.kr/products/1965901/1965901_20220801000000.jpg?format=webp&size=160x160
일소,센서티브 버블 릴렉싱 클렌저,https://img.hwahae.co.kr/products/2009876/2009876_20220826121652.jpg?format=webp&size=160x160
비플레인,녹두 클렌징 오일,https://img.hwahae.co.kr/products/1945270/1945270_20230628120608.jpg?format=webp&size=160x160
유리피부,그란떼 클렌징 오일,https://img.hwahae.co.kr/products/1839025/1839025_20220801000000.jpg?format=webp&size=160x160
토니모리,더 촉촉 그린티 레몬 저자극 클렌징오일,https://img.hwahae.co.kr/products/2065722/2065722_20240304170721.jpg?format=webp&size=160x160
에스네이처,아쿠아 라이스클렌징오일,https://img.hwahae.co.kr/products/2075154/2075154_20231106145834.jpg?format=webp&size=160x160
비건이펙트,클린 앤 글로우 청보리 LHA 딥 클렌징오일,https://img.hwahae.co.kr/products/2104650/2104650_20240809163300.jpg?format=webp&size=160x160
그레이멜린,카놀라 크레이지 클렌징오일,https://img.hwahae.co.kr/products/1883946/1883946_20230802150203.jpg?format=webp&size=160x160
랑벨,내츄럴 딥 클렌징 오일,https://img.hwahae.co.kr/products/1832694/1832694_20240603151459.jpg?format=webp&size=160x160
에이트루,오리진 퓨어 밸런싱 클렌징 오일,https://img.hwahae.co.kr/products/1876240/1876240_20220801000000.jpg?format=webp&size=160x160
마녀공장,퓨어 클렌징 오일 딥 클린,https://img.hwahae.co.kr/products/2078090/2078090_20231116121709.jpg?format=webp&size=160x160
메이크프렘,세이프 미 릴리프 모이스처 클렌징 오일,https://img.hwahae.co.kr/products/1862517/1862517_20220801000000.jpg?format=webp&size=160x160
아누아,어성초 포어 컨트롤 클렌징오일,https://img.hwahae.co.kr/products/2012277/2012277_20230807095845.jpg?format=webp&size=160x160
코스노리,마이크로 액티브 클렌징 오일,https://img.hwahae.co.kr/products/2001561/2001561_20220801000000.jpg?format=webp&size=160x160
넘버즈인,1번 말끔 순삭 클렌징오일,https://img.hwahae.co.kr/products/1873784/1873784_20220801000000.jpg?format=webp&size=160x160
주미소,포어 클리어링 클렌징 오일,https://img.hwahae.co.kr/products/2097912/2097912_20240517094106.jpg?format=webp&size=160x160
포인트앤,피지 쏙 베지 클렌징 오일,https://img.hwahae.co.kr/products/1951732/1951732_20220801000000.jpg?format=webp&size=160x160
릴릴,이지버블 호호바 라떼 클렌저,https://img.hwahae.co.kr/products/2086390/2086390_20240122164747.jpg?format=webp&size=160x160
포인트앤,딥 클린 포어 클렌징 오일,https://img.hwahae.co.kr/products/2098437/2098437_20240521171632.jpg?format=webp&size=160x160
리얼베리어,익스트림 딥 클렌징 블루 오일,https://img.hwahae.co.kr/products/2101124/2101124_20240611102513.jpg?format=webp&size=160x160
메이크프렘,세이프 미 릴리프 모이스처 클렌징 밀크,https://img.hwahae.co.kr/products/1841507/1841507_20240909163845.jpg?format=webp&size=160x160
시드물,닥터트럽 클렌징 밀크,https://img.hwahae.co.kr/products/1894554/1894554_20220801000000.jpg?format=webp&size=160x160
듀이트리,하이 아미노 올 클렌징 밀크,https://img.hwahae.co.kr/products/1901205/1901205_20220801000000.jpg?format=webp&size=160x160
모메너스,카밍배리어 판테시카 클렌징밀크,https://img.hwahae.co.kr/products/2103307/2103307_20240624094625.jpg?format=webp&size=160x160
제센스,비건 멀티 클렌징 폼오일,https://img.hwahae.co.kr/products/2106097/2106097_20240710100219.jpg?format=webp&size=160x160
참존,콘트롤 크림 셀프 마사지,https://img.hwahae.co.kr/products/2013612/2013612_20221012172930.jpg?format=webp&size=160x160
비오투름,클렌징밀크,https://img.hwahae.co.kr/products/2021059/2021059_20230120095019.jpg?format=webp&size=160x160
라운드랩,1025 독도 클렌징 밀크,https://img.hwahae.co.kr/products/1996799/1996799_20220801000000.jpg?format=webp&size=160x160
마녀공장,퓨어 클렌징 밀크,https://img.hwahae.co.kr/products/2100528/2100528_20240605102338.jpg?format=webp&size=160x160
순녹,센시티브 클렌징밀크,https://img.hwahae.co.kr/products/1899958/1899958_20220801000000.jpg?format=webp&size=160x160
아렌시아,클렌저 떡솝 [그린아르티장],https://img.hwahae.co.kr/products/2078891/2078891_20231123163737.jpg?format=webp&size=160x160
세타필,젠틀 스킨 클렌저,https://img.hwahae.co.kr/products/2041924/2041924_20230523173233.jpg?format=webp&size=160x160
아렌시아,프레시 클렌저 떡솝 [로얄블루히솝],https://img.hwahae.co.kr/products/2066612/2066612_20230921113545.jpg?format=webp&size=160x160
미샤,수퍼 아쿠아 울트라 히알론 클렌징 크림,https://img.hwahae.co.kr/products/1837927/1837927_20220801000000.jpg?format=webp&size=160x160
아리얼,애플사이다 휘핑 크림 클렌저,https://img.hwahae.co.kr/products/2049831/2049831_20230704100256.jpg?format=webp&size=160x160
포인트앤,소이클렌징밀크,https://img.hwahae.co.kr/products/2000002/2000002_20220801000000.jpg?format=webp&size=160x160
뉴트로지나,딥클린 클렌징 로션,https://img.hwahae.co.kr/products/2004605/2004605_20230518132949.jpg?format=webp&size=160x160
마리꼬,수딩 클렌징 밀크,https://img.hwahae.co.kr/products/1824258/1824258_20230711111621.jpg?format=webp&size=160x160
심플리웍스,세수한번 굿모링 클렌저,https://img.hwahae.co.kr/products/1892327/1892327_20220801000000.jpg?format=webp&size=160x160
청미정,알로에 발효 클렌징 밀크,https://img.hwahae.co.kr/products/1865440/1865440_20220801000000.jpg?format=webp&size=160x160
팜드웨이,골드트리솝,https://img.hwahae.co.kr/products/2039462/2039462_20230510134531.jpg?format=webp&size=160x160
수이스킨,맑은 아보밥 비누,https://img.hwahae.co.kr/products/1899368/1899368_20220801000000.jpg?format=webp&size=160x160
랩코스,차가 레스트 고체 세안팩,https://img.hwahae.co.kr/products/1995912/1995912_20220801000000.jpg?format=webp&size=160x160
도브,뷰티바 [센서티브],https://img.hwahae.co.kr/products/1892389/1892389_20220801000000.jpg?format=webp&size=160x160
도브,(해외) 뷰티 바 [센스티브스킨] (미국산),https://img.hwahae.co.kr/products/1994533/1994533_20220801000000.jpg?format=webp&size=160x160
도브,뷰티바 [크림],https://img.hwahae.co.kr/products/1889295/1889295_20220801000000.jpg?format=webp&size=160x160
좀비뷰티,누에고치 모공팩,https://img.hwahae.co.kr/products/1893661/1893661_20220801000000.jpg?format=webp&size=160x160
시드물,어성초 수제비누,https://img.hwahae.co.kr/products/1995773/1995773_20220801000000.jpg?format=webp&size=160x160
비비드로우,오트 수딩 버블 클렌징바,https://img.hwahae.co.kr/products/2018038/2018038_20221223141311.jpg?format=webp&size=160x160
시드물,판테놀 시카 수제비누,https://img.hwahae.co.kr/products/2026906/2026906_20230320100619.jpg?format=webp&size=160x160
나드,어성초 비누,https://img.hwahae.co.kr/products/1944024/1944024_20220822145014.jpg?format=webp&size=160x160
아빠비누,클렌징 바 [딥클린],https://img.hwahae.co.kr/products/2036896/2036896_20230427150107.jpg?format=webp&size=160x160
천비누솝,정안고,https://img.hwahae.co.kr/products/2046689/2046689_20230619174832.jpg?format=webp&size=160x160
아이보리,오리지널 비누,https://img.hwahae.co.kr/products/1892230/1892230_20220801000000.jpg?format=webp&size=160x160
시드물,닥터트럽 스킨 리터닝 클렌징 밀크바,https://img.hwahae.co.kr/products/2041592/2041592_20230522105739.jpg?format=webp&size=160x160
라노아,어성초 비누,https://img.hwahae.co.kr/products/1874120/1874120_20220801000000.jpg?format=webp&size=160x160
씨드비,아침세안 이슬 생분해 비누,https://img.hwahae.co.kr/products/2069268/2069268_20231005164429.jpg?format=webp&size=160x160
도브,뷰티바 [핑크],https://img.hwahae.co.kr/products/2004241/2004241_20220801000000.jpg?format=webp&size=160x160
UNI,프리미엄천연비누 유앤아이솝,https://img.hwahae.co.kr/products/2017014/2017014_20221201135252.jpg?format=webp&size=160x160
다이알,(해외) 골드 안티박테리얼 바 소프,https://img.hwahae.co.kr/products/1908533/1908533_20220801000000.jpg?format=webp&size=160x160
니들리,마일드 클렌징 패드,https://img.hwahae.co.kr/products/2083657/2083657_20240625165949.jpg?format=webp&size=160x160
그레이멜린,카놀라 리무버 패드,https://img.hwahae.co.kr/products/2061937/2061937_20230828142410.jpg?format=webp&size=160x160
SRB,쌀뜨물 클렌징 패드,https://img.hwahae.co.kr/products/2000250/2000250_20240123121258.jpg?format=webp&size=160x160
비플레인,녹두 약산성 클렌징 워터 티슈,https://img.hwahae.co.kr/products/1890295/1890295_20230214111056.jpg?format=webp&size=160x160
라운드랩,1025 독도 클렌징 티슈,https://img.hwahae.co.kr/products/1947704/1947704_20220801000000.jpg?format=webp&size=160x160
마녀공장,블랙헤드 퓨어 클렌징 오일 킬패드,https://img.hwahae.co.kr/products/1944762/1944762_20230602140200.jpg?format=webp&size=160x160
아리얼,스트레스 릴리빙 퓨어풀 클렌징티슈,https://img.hwahae.co.kr/products/1738575/1738575_20240311120938.jpg?format=webp&size=160x160
해서린,선셋 원킬 리무버 패드,https://img.hwahae.co.kr/products/1890097/1890097_20220927113159.jpg?format=webp&size=160x160
포인트앤,딥클린 올인원 클렌징 티슈,https://img.hwahae.co.kr/products/2012310/2012310_20220927174549.jpg?format=webp&size=160x160
클라뷰,피톤치드 퀵 클렌징 패드,https://img.hwahae.co.kr/products/1987484/1987484_20240318175620.jpg?format=webp&size=160x160
라운드랩,자작나무 수분 클렌징 패드,https://img.hwahae.co.kr/products/1917892/1917892_20220801000000.jpg?format=webp&size=160x160
클라뷰,리얼 비건 퀵 클렌징 패드,https://img.hwahae.co.kr/products/1987470/1987470_20240611165222.jpg?format=webp&size=160x160
식물나라,제주 탄산수 딥 클렌징 티슈,https://img.hwahae.co.kr/products/2031960/2031960_20240513174402.jpg?format=webp&size=160x160
키노닉스,카모 클렌징 패드,https://img.hwahae.co.kr/products/1867038/1867038_20240806155947.jpg?format=webp&size=160x160
나이팅게일,데일리 더마 클렌징패드 마일드,https://img.hwahae.co.kr/products/1783041/1783041_20231211144136.jpg?format=webp&size=160x160
오렌지신드롬,버블 클렌징 패드,https://img.hwahae.co.kr/products/2015895/2015895_20221117150426.jpg?format=webp&size=160x160
아리얼,더 퍼펙트 클렌징 오일 패드 EX,https://img.hwahae.co.kr/products/2041114/2041114_20230518115634.jpg?format=webp&size=160x160
코스알엑스,퓨어 핏 약산성 클렌징 패드,https://img.hwahae.co.kr/products/2003672/2003672_20220801000000.jpg?format=webp&size=160x160
아리얼,더 퍼펙트 클렌징 티슈 플러스,https://img.hwahae.co.kr/products/2008455/2008455_20230406113011.jpg?format=webp&size=160x160
오띠,스카워 필 패드,https://img.hwahae.co.kr/products/2016480/2016480_20221123171923.jpg?format=webp&size=160x160
폰즈,클리어 훼이스 스파 립앤아이 메이크업 리무버,https://img.hwahae.co.kr/products/11414/11414_20220801000000.jpg?format=webp&size=160x160
코스노리,마이크로 액티브 립앤아이 리무버,https://img.hwahae.co.kr/products/1871496/1871496_20230509151827.jpg?format=webp&size=160x160
일리윤,프레쉬모이스춰 립앤아이 리무버,https://img.hwahae.co.kr/products/2000723/2000723_20240109094214.jpg?format=webp&size=160x160
아리얼,스트레스 릴리빙 퓨어풀 립앤아이 리무버 패드,https://img.hwahae.co.kr/products/1834455/1834455_20230712155457.jpg?format=webp&size=160x160
이니스프리,애플씨드 립앤아이 메이크업 리무버,https://img.hwahae.co.kr/products/1898760/1898760_20230503122624.jpg?format=webp&size=160x160
클리오,킬래쉬 마스카라 리무버,https://img.hwahae.co.kr/products/1873373/1873373_20220801000000.jpg?format=webp&size=160x160
키스미,아이 젠틀 오프 립앤아이 리무버,https://img.hwahae.co.kr/products/2012678/2012678_20230822133436.jpg?format=webp&size=160x160
키스미,히로인메이크 스피디 마스카라 리무버,https://img.hwahae.co.kr/products/1807586/1807586_20220801000000.jpg?format=webp&size=160x160
미샤,퍼펙트 립앤아이 메이크업 리무버,https://img.hwahae.co.kr/products/1776830/1776830_20231103141225.jpg?format=webp&size=160x160
스킨푸드,밀크 쉐이크 포인트 메이크업 리무버,https://img.hwahae.co.kr/products/1898837/1898837_20220801000000.jpg?format=webp&size=160x160
아리얼,스트레스 릴리빙 미셀라 립앤아이 리무버,https://img.hwahae.co.kr/products/1876485/1876485_20230413114508.jpg?format=webp&size=160x160
포인트앤,딥 클린 립앤아이 리무버 롱패드,https://img.hwahae.co.kr/products/2057804/2057804_20230804174239.jpg?format=webp&size=160x160
어퓨,미네랄 립앤아이 리무버 [스윗로즈],https://img.hwahae.co.kr/products/1817367/1817367_20220801000000.jpg?format=webp&size=160x160
어퓨,미네랄 립앤아이 리무버 [오마린],https://img.hwahae.co.kr/products/2054/2054_20220801000000.jpg?format=webp&size=160x160
비바이바닐라,립 앤 아이 리무버 클리어,https://img.hwahae.co.kr/products/1823630/1823630_20220801000000.jpg?format=webp&size=160x160
에뛰드,립 앤 아이 리무버,https://img.hwahae.co.kr/products/2037448/2037448_20230428172609.jpg?format=webp&size=160x160
케어존,저자극 립앤아이 리무버,https://img.hwahae.co.kr/products/1772074/1772074_20220801000000.jpg?format=webp&size=160x160
코스노리,롱 액티브 마스카라 리무버,https://img.hwahae.co.kr/products/2084544/2084544_20240102171521.jpg?format=webp&size=160x160
나드,딥 클리어 립 앤 아이리무버,https://img.hwahae.co.kr/products/2015523/2015523_20221111123050.jpg?format=webp&size=160x160
바이오더마,센시비오 H2O 아이,https://img.hwahae.co.kr/products/2000345/2000345_20220801000000.jpg?format=webp&size=160x160
시드물,입소문 녹차 필링젤,https://img.hwahae.co.kr/products/1799632/1799632_20220801000000.jpg?format=webp&size=160x160
메디필,엑스트라 슈퍼9 플러스 2.0,https://img.hwahae.co.kr/products/2043291/2043291_20230601150314.jpg?format=webp&size=160x160
일소,슈퍼 멜팅 세범 소프트너,https://img.hwahae.co.kr/products/2078933/2078933_20240528095444.jpg?format=webp&size=160x160
닥터지,브라이트닝 필링 젤,https://img.hwahae.co.kr/products/1994535/1994535_20220801000000.jpg?format=webp&size=160x160
비플레인,녹두 밀크 필링 젤,https://img.hwahae.co.kr/products/2046150/2046150_20230616094440.jpg?format=webp&size=160x160
라운드랩,1025 독도 필링젤,https://img.hwahae.co.kr/products/1957980/1957980_20220801000000.jpg?format=webp&size=160x160
메디필,엑스트라 슈퍼9 플러스 액티브 스틱,https://img.hwahae.co.kr/products/2045485/2045485_20230905121800.jpg?format=webp&size=160x160
프리메라,페이셜 마일드 필링,https://img.hwahae.co.kr/products/1868761/1868761_20220801000000.jpg?format=webp&size=160x160
폴라초이스,바하 리퀴드 각질제거제,https://img.hwahae.co.kr/products/1797071/1797071_20240307111455.jpg?format=webp&size=160x160
스킨푸드,블랙슈가 마스크 워시오프,https://img.hwahae.co.kr/products/1789481/1789481_20220801000000.jpg?format=webp&size=160x160
메디큐브,레드 석시닉애씨드 필링세럼,https://img.hwahae.co.kr/products/1999569/1999569_20220801000000.jpg?format=webp&size=160x160
바노바기,알파 래디언스 마일드 필링 폼,https://img.hwahae.co.kr/products/2116253/2116253_20240911145851.jpg?format=webp&size=160x160
듀이트리,픽앤퀵 뽑아쓰는 마스크 [화장발],https://img.hwahae.co.kr/products/1897092/1897092_20220801000000.jpg?format=webp&size=160x160
메디필,엑스트라 슈퍼 9 플러스 2.0 피지 클리너,https://img.hwahae.co.kr/products/2101545/2101545_20240612165200.jpg?format=webp&size=160x160
스트라이덱스,(해외) 맥시멈,https://img.hwahae.co.kr/products/1855400/1855400_20220801000000.jpg?format=webp&size=160x160
마녀공장,갈락토미 엔자임 필링젤,https://img.hwahae.co.kr/products/1949337/1949337_20230602141426.jpg?format=webp&size=160x160
토르홉,사우난지앙 솔트 마스크,https://img.hwahae.co.kr/products/1971024/1971024_20220801000000.jpg?format=webp&size=160x160
앰플엔,퓨리파잉샷 호박 효소 필링젤,https://img.hwahae.co.kr/products/1834834/1834834_20220801000000.jpg?format=webp&size=160x160
닥터지,레드 블레미쉬 필링 젤,https://img.hwahae.co.kr/products/1819391/1819391_20220801000000.jpg?format=webp&size=160x160
에이솔루션,AC 어성초 토너패드,https://img.hwahae.co.kr/products/2037000/2037000_20230918165229.jpg?format=webp&size=160x160
메이크프렘,인테카 트러블 수딩 패드,https://img.hwahae.co.kr/products/2088040/2088040_20240219171939.jpg?format=webp&size=160x160
토리든,밸런스풀 시카 토너 패드,https://img.hwahae.co.kr/products/2009711/2009711_20221108160332.jpg?format=webp&size=160x160
코스알엑스,원스텝 오리지널 클리어 패드,https://img.hwahae.co.kr/products/1866677/1866677_20230605112822.jpg?format=webp&size=160x160
더마토리,하이포알러제닉 시카 거즈패드,https://img.hwahae.co.kr/products/1826677/1826677_20230914142828.jpg?format=webp&size=160x160
파파레서피,블레미쉬 효소 파우더 클렌저,https://img.hwahae.co.kr/products/1843683/1843683_20220801000000.jpg?format=webp&size=160x160
아임프롬,피그 엔자임 파우더 클렌저,https://img.hwahae.co.kr/products/2099491/2099491_20240528164229.jpg?format=webp&size=160x160
리브엠,엔자임 클렌징 파우더,https://img.hwahae.co.kr/products/2117854/2117854_20241101140722.jpg?format=webp&size=160x160
SRB,쌀뜨물 효소 세안제,https://img.hwahae.co.kr/products/1899041/1899041_20240321180546.jpg?format=webp&size=160x160
파파레서피,티트리 컨트롤 효소 파우더 클렌저,https://img.hwahae.co.kr/products/2058481/2058481_20230811162422.jpg?format=webp&size=160x160
라씨엘르,엔자임 오트 스크럽 파우더 워시,https://img.hwahae.co.kr/products/1874549/1874549_20230720154419.jpg?format=webp&size=160x160
파파레서피,가지 클리어링 효소 파우더 클렌저,https://img.hwahae.co.kr/products/2058201/2058201_20230809140558.jpg?format=webp&size=160x160
메이크프렘,퓨어 바이옴 클렌징 파우더,https://img.hwahae.co.kr/products/2015383/2015383_20221108172935.jpg?format=webp&size=160x160
듀이트리,하이 아미노 올 효소 파우더 워시,https://img.hwahae.co.kr/products/2098169/2098169_20240520152928.jpg?format=webp&size=160x160
메디힐,더 티트리 파우더 워시 [포어],https://img.hwahae.co.kr/products/2055122/2055122_20230726141959.jpg?format=webp&size=160x160
엔젤,파우더 탄산효소세안제,https://img.hwahae.co.kr/products/1796090/1796090_20240313173323.jpg?format=webp&size=160x160
이즈앤트리,머그워트 카밍 파우더 워시,https://img.hwahae.co.kr/products/1817245/1817245_20220826101508.jpg?format=webp&size=160x160
니들리,마일드 효소 클렌징 파우더,https://img.hwahae.co.kr/products/2022542/2022542_20240625162926.jpg?format=webp&size=160x160
성분에디터,그린토마토 파우더워시,https://img.hwahae.co.kr/products/2042050/2042050_20230524152624.jpg?format=webp&size=160x160
이솔,그린 효소 세안제,https://img.hwahae.co.kr/products/4588/4588_20220801000000.jpg?format=webp&size=160x160
리얼베리어,모공비움 파우더 워시,https://img.hwahae.co.kr/products/2015376/2015376_20240611102044.jpg?format=webp&size=160x160
사바비안,페이스 파우더,https://img.hwahae.co.kr/products/1929573/1929573_20220801000000.jpg?format=webp&size=160x160
수이스킨,바른 약콩 파우더 워시,https://img.hwahae.co.kr/products/1936429/1936429_20220801000000.jpg?format=webp&size=160x160
메디힐,더 티트리 파우더 워시 [카밍],https://img.hwahae.co.kr/products/2055119/2055119_20230726141401.jpg?format=webp&size=160x160
유이크,바이옴 베리어 콜라겐 퍼밍 클렌징 밤,https://img.hwahae.co.kr/products/2063646/2063646_20230905133731.jpg?format=webp&size=160x160
에스네이처,아쿠아 라이스 클렌징밤,https://img.hwahae.co.kr/products/2115963/2115963_20240910095432.jpg?format=webp&size=160x160
아이레시피,세라마이드 유자 힐링 클렌징 밤,https://img.hwahae.co.kr/products/2057940/2057940_20240830120304.jpg?format=webp&size=160x160
휘게,소프트리셋 그린 클렌징 밤,https://img.hwahae.co.kr/products/1944771/1944771_20220801000000.jpg?format=webp&size=160x160
벨프리모,히알포어 딥 클렌징밤,https://img.hwahae.co.kr/products/2110600/2110600_20240805160503.jpg?format=webp&size=160x160
바닐라코,클린 잇 제로 클렌징밤 [오리지널],https://img.hwahae.co.kr/products/2093177/2093177_20240401163612.jpg?format=webp&size=160x160
에이프릴스킨,캐로틴 멜팅 클렌징밤,https://img.hwahae.co.kr/products/2013589/2013589_20221014162534.jpg?format=webp&size=160x160
희다,지리산 촉촉 숯 클렌징밤,https://img.hwahae.co.kr/products/2107991/2107991_20240826175631.jpg?format=webp&size=160x160
바닐라코,클린 잇 제로 클렌징밤 [포어클래리파잉],https://img.hwahae.co.kr/products/2093183/2093183_20240401164022.jpg?format=webp&size=160x160
수이스킨,화사한 유채 클렌징 밤,https://img.hwahae.co.kr/products/1972752/1972752_20220801000000.jpg?format=webp&size=160x160
닥터지,그린 딥 포어 클렌징 밤,https://img.hwahae.co.kr/products/2097676/2097676_20240514163356.jpg?format=webp&size=160x160
라운드어라운드,컴포트 그린티 딥 클렌징 밤,https://img.hwahae.co.kr/products/2082240/2082240_20240202104944.jpg?format=webp&size=160x160
마녀공장,딥 클리어 클렌징 밤,https://img.hwahae.co.kr/products/2074856/2074856_20231102114030.jpg?format=webp&size=160x160
넘버즈인,3번 녹차숯 모공말끔 클렌징팩밤,https://img.hwahae.co.kr/products/2024682/2024682_20230227105626.jpg?format=webp&size=160x160
메디큐브,슈퍼 시카 딥 클렌징 밤,https://img.hwahae.co.kr/products/2017945/2017945_20221216105004.jpg?format=webp&size=160x160
닥터비움,블루망고 비타 딥 클렌징 밤,https://img.hwahae.co.kr/products/2072473/2072473_20231024093707.jpg?format=webp&size=160x160
듀이트리,하이 아미노 모공 올 딥 클렌징 밤,https://img.hwahae.co.kr/products/2096939/2096939_20240507121502.jpg?format=webp&size=160x160
마몽드,어메이징 딥 민트 클렌징밤,https://img.hwahae.co.kr/products/2078275/2078275_20231120114755.jpg?format=webp&size=160x160
심플로그,올 클렌징 밤,https://img.hwahae.co.kr/products/1993935/1993935_20230322114146.jpg?format=webp&size=160x160
바닐라코,클린 잇 제로 클렌징밤 [카밍],https://img.hwahae.co.kr/products/2093188/2093188_20240401164757.jpg?format=webp&size=160x160
